t_id,vendor_username,buyer_username,prod_id,date_time, price  ,validated_by,status
1,Jim_Business,XxMrMelonxX,151879,2024/07/11,94602,41378877,completed
2,Jim_Business,Jim_Business,214320,2024/11/20,15000,41651199,completed
3,CANTSPOTUS,lizardman,732499,2023/12/09,200000,41378877,in_escrow
4,CANTSPOTUS,lizardman,214320,2023/01/09,16000,41655533,cancelled
5,lizardman,Jim_Business,214320,2023/12/09,14649,41651199,pending
,,,,,,,
,,,,,,,
,,,,,,,
,,,,,,,
,,,,,,,
,,,,,,,
,,,,,,,
,,,,,,,
,,,,,,,
,,,,,,,
