username,phone,email,verified,first_name,last_name,address,city,created_at,last_login_at
Jim_Business,807-445-2302,jimbiz@amma-zone.com,TRUE,Jim,Business,54106 Cherokee Point,San Francisco,7/7/2015,12/11/2024
XxMrMelonxX,544-524-1488,truthseeker@y.com,TRUE,Melon,Dusk,510 Lighthouse Bay Crossing,New York,7/15/2015,5/5/2025
CANTSPOTUS,790-301-5422,don_tram@mail.ru,FALSE,Donnel,Tram,02 Anthes Drive,Washington DC,7/19/2015,8/29/2025
barry.m,366-779-0315,thebarrymellison@delphi.com,TRUE,Barry,Mellison,3 Clove Center,Santa Fe,7/21/2015,11/4/2025
lizardman,839-801-6160,johndoe@metabook.com,FALSE,Marco,Sugarhill,366 Petterle Junction,Washington DC,7/31/2015,3/23/2025
megeee,675-834-1051,wrobroeee@ibm.com,FALSE,Lucas,Pope,84459 Tennessee Alley,Seattle,8/8/2015,21-11-25
rrubinovitch5o,,mrubinovitch5o@aol.com,TRUE,Hudson,Carr,2 Arrowood Point,Houston,10/8/2015,22-03-25
tlottehz,598-944-0263,krodolfihz@marriott.com,TRUE,Gabriel,Henson,7 Scofield Drive,Spokane,20-08-15,1/2/2025
idiclaudioz,681-507-8007,fdiclaudioz@globo.com,TRUE,Violet,Diaz,91 Killdeer Terrace,Austin,24-08-15,10/8/2025
csancias4b,862-568-2600,lsancias4b@pagesperso-orange.fr,TRUE,John,Barrett,,Washington DC,25-08-15,24-06-25
gpaulla7,299-188-0770,jpaulla7@samsung.com,TRUE,Julian,Whitaker,3 Elka Way,Minneapolis,12/9/2015,27-11-24
khowlerg9,603-358-1325,jhowlerg9@adobe.com,FALSE,Oliver,Hoffman,51 Colorado Drive,Austin,18-09-15,26-10-25
kfilintsevae,636-280-5382,bfilintsevae@nba.com,TRUE,Thomas,McGee,,Philadelphia,21-09-15,28-08-25
jeppleav,501-544-7586,reppleav@nymag.com,TRUE,Lincoln,Brooks,,San Francisco,22-09-15,18-03-25
clohering2d,727-956-2897,alohering2d@stumbleupon.com,FALSE,Ruby,Brewer,4 Meadow Valley Terrace,Seattle,25-09-15,21-06-25
lvandaalen9c,,lvandaalen9c@pagesperso-orange.fr,TRUE,Lincoln,Warner,9 Magdeline Point,San Francisco,28-09-15,9/8/2025
rnetti9n,506-796-8266,anetti9n@arizona.edu,TRUE,Eli,Goodwin,922 Arrowood Alley,Seattle,29-09-15,31-07-25
klinleyl,647-688-0764,tespadaterl@nps.gov,TRUE,Aria,Foster,57365 Petterle Trail,Seattle,4/10/2015,15-02-25
ckirtley45,170-843-5046,ckirtley45@hatena.ne.jp,TRUE,Samuel,Stone,91494 Morrow Place,Austin,5/10/2015,25-04-25
dscripps75,432-505-1309,rscripps75@free.fr,TRUE,Evan,Madden,076 Graedel Hill,New York,5/10/2015,14-07-25
trathjen2q,475-908-3059,srathjen2q@qq.com,TRUE,Brielle,Lynch,726 Killdeer Way,Austin,18-10-15,7/11/2025
mkingsnod3r,881-118-8205,ekingsnod3r@washington.edu,TRUE,Alexander,Rivera,,New York,20-10-15,11/3/2025
gdongateid,647-191-4618,bdongateid@is.gd,TRUE,Ethan,Sullivan,1 Kipling Place,Seattle,1/11/2015,24-06-25
tatterley8e,915-378-5723,mdundridge8e@ezinearticles.com,TRUE,Asher,Carter,30 Lotheville Court,San Francisco,22-11-15,25-09-25
jmilburne2f,484-363-6713,bmilburne2f@google.es,TRUE,Quinn,Webb,811 Dexter Place,Seattle,28-11-15,11/6/2025
aspear8m,986-114-9019,fspear8m@cnet.com,FALSE,Zayden,Barnes,4174 Mockingbird Park,New York,9/12/2015,10/2/2025
jbendixene5,218-661-3346,ftroppmanne5@wix.com,FALSE,Gabriel,Warner,726 Clemons Parkway,San Francisco,10/12/2015,26-04-25
epercy53,,rpercy53@apache.org,FALSE,Christian,Tate,83642 Novick Drive,Austin,13-12-15,19-02-25
wlaybournhq,540-457-2306,vlaybournhq@sbwire.com,TRUE,Grayson,French,3416 Sachtjen Pass,Burlington,19-12-15,18-02-25
ztavnerc4,608-358-1563,ttavnerc4@jugem.jp,FALSE,Anthony,Brewer,2954 Merchant Street,Boston,20-12-15,17-02-25
emaund1d,660-993-2268,lmaund1d@google.cn,TRUE,Julia,Hamilton,1710 Petterle Street,New York,22-12-15,23-01-25
brabjohn9b,627-598-0856,nrabjohn9b@uol.com.br,TRUE,Maxwell,Horton,6 Di Loreto Avenue,San Francisco,25-12-15,27-12-24
hhattoniu,797-870-8714,bhattoniu@ow.ly,FALSE,Grayson,Burke,7 Macpherson Circle,San Jose,16-01-16,24-03-25
rbrittocp,221-409-2615,djurschcp@flavors.me,TRUE,Zion,Bishop,7254 Brown Drive,Portland,29-01-16,27-09-25
eabrahamson9x,,labrahamson9x@scribd.com,TRUE,Liam,Curtis,6750 Nova Avenue,Austin,1/2/2016,19-02-25
pjessopphr,,doverellhr@studiopress.com,TRUE,Owen,Estes,40 Victoria Parkway,Bend,6/2/2016,26-05-25
mwasmuth10,403-857-4596,awasmuth10@wordpress.com,TRUE,Aurora,Butler,493 Coleman Avenue,Washington DC,8/2/2016,27-09-25
gpaddingtoni5,872-399-6120,ypaddingtoni5@forbes.com,TRUE,Nathan,Bryant,756 Superior Park,New York,12/2/2016,12/10/2025
gsomerled5m,477-313-1747,dsomerled5m@storify.com,TRUE,Jonah,Vaughn,26411 Waxwing Avenue,Atlanta,21-02-16,10/9/2025
ifenning1p,998-592-3107,vfenning1p@reference.com,FALSE,Anna,Hoffman,6419 Spenser Street,Boston,26-02-16,13-03-25
rcromleyat,537-272-2474,dcromleyat@google.de,TRUE,Brayden,Carter,844 Burning Wood Way,San Francisco,1/3/2016,18-06-25
sbwyebq,732-772-7693,ghalsworthbq@china.com.cn,FALSE,Isaiah,Horton,2 Riverside Way,San Francisco,9/3/2016,20-12-24
scanningjd,868-486-3347,ecanningjd@npr.org,TRUE,Alexander,Webb,79043 Pleasure Hill,Boston,11/3/2016,28-09-25
rspaceyaq,,lspaceyaq@symantec.com,TRUE,Isaiah,McKnight,,Richmond,12/3/2016,4/10/2025
mmacinherneyay,260-681-4636,pmacinherneyay@facebook.com,TRUE,Leo,Bryant,2 Luster Parkway,New York,12/3/2016,8/12/2024
kamburgyb7,155-263-4464,yamburgyb7@joomla.org,TRUE,Matthew,Wallace,5102 Mosinee Circle,Seattle,12/3/2016,3/1/2025
gvelden43,970-835-6764,avelden43@ow.ly,TRUE,Jack,Coleman,9 Lawn Pass,Boston,14-03-16,3/4/2025
igoding5l,596-714-6406,mgoding5l@altervista.org,TRUE,Silas,McGee,,Philadelphia,15-03-16,23-11-25
sabramsfp,941-422-2627,babramsfp@phpbb.com,TRUE,Landon,Powell,12267 Westend Place,San Francisco,15-03-16,15-02-25
jwinterbottom5,119-446-0507,chutchason5@princeton.edu,TRUE,Emma,Gomez,55 Pepper Wood Court,San Jose,18-03-16,15-07-25
pluigij7,466-601-6861,hluigij7@google.ru,TRUE,Caleb,Pope,427 Eggendart Circle,Seattle,29-03-16,6/1/2025
gbromage5f,549-970-8856,abromage5f@addtoany.com,TRUE,Ryder,Duke,12 Sauthoff Court,Raleigh,14-04-16,21-08-25
abrenstuhlgj,602-402-0863,dbrenstuhlgj@goo.ne.jp,TRUE,Daniel,Horton,46 Ronald Regan Avenue,San Francisco,17-04-16,20-10-25
shansendp,566-574-4990,hmerrelldp@yandex.ru,FALSE,Benjamin,Coleman,78176 Barnett Parkway,Boston,29-04-16,5/7/2025
bflea70,220-222-4639,tflea70@yale.edu,TRUE,Lincoln,Townsend,7 Shoshone Lane,San Francisco,2/5/2016,1/9/2025
amidgelydf,731-276-4481,gmidgelydf@barnesandnoble.com,TRUE,Sebastian,Barnes,8 Fairfield Street,New York,4/5/2016,21-06-25
adooleas,391-843-6094,sdooleas@cargocollective.com,FALSE,Jacob,Briggs,1954 Manufacturers Pass,New York,11/5/2016,7/12/2024
rshovelton9e,171-630-3206,mshovelton9e@prnewswire.com,TRUE,Asher,Townsend,3914 Paget Point,San Francisco,23-05-16,22-02-25
kgregorioi9,784-814-1036,egregorioi9@aol.com,TRUE,Lucas,Fisher,3250 Bashford Park,New York,24-05-16,8/3/2025
ksycamore28,933-399-4571,nsycamore28@devhub.com,FALSE,Piper,McCarthy,160 Hoepker Avenue,New York,28-05-16,20-05-25
hmackieew,,mmackieew@stanford.edu,FALSE,Joseph,Holloway,40047 Garrison Lane,Washington DC,31-05-16,29-05-25
gbaltzar7z,148-275-8001,lbaltzar7z@sohu.com,TRUE,Emiliano,Donaldson,786 Hanover Center,San Diego,2/6/2016,5/3/2025
lmckevittaa,988-128-7872,pmckevittaa@youtube.com,FALSE,Joshua,Bishop,35 Marquette Road,Portland,6/6/2016,28-12-24
mnialsey,324-574-0690,lnialsey@histats.com,TRUE,Ethan,Phelps,52938 Anniversary Road,San Jose,8/6/2016,15-01-25
umothersdale6n,165-767-7637,tmothersdale6n@trellian.com,TRUE,Declan,Hoffman,473 Stoughton Center,Austin,17-06-16,22-06-25
mkowalskiih,262-538-9954,xkowalskiih@theguardian.com,TRUE,Isaiah,Perry,9 2nd Trail,Boston,27-06-16,10/1/2025
wsygroves9p,,esygroves9p@newsvine.com,TRUE,Oliver,Brewer,64 Prentice Junction,Boston,10/7/2016,9/12/2024
cmcalpineil,262-692-8730,smcalpineil@wikimedia.org,FALSE,Ethan,Mills,578 Pepper Wood Junction,Austin,12/7/2016,3/12/2024
plindelofa5,265-146-7573,alindelofa5@yelp.com,TRUE,Michael,Phelps,8409 Thackeray Crossing,San Jose,13-07-16,8/1/2025
fgounot2,322-211-5556,agounot2@woothemes.com,TRUE,Liam,Rodriguez,7347 Butterfield Avenue,New York,15-07-16,3/5/2025
mtashds,630-722-6961,umatusiakds@wsj.com,TRUE,Matthew,Mills,,Austin,21-07-16,6/2/2025
afeatleyh7,641-398-7023,afeatleyh7@woothemes.com,TRUE,David,Berry,2 Golden Leaf Lane,Washington DC,31-07-16,21-08-25
mbroadleycu,,abroadleycu@wikipedia.org,TRUE,Ian,Vaughn,8 Bay Avenue,Atlanta,4/8/2016,19-10-25
raleksich3b,386-563-0719,naleksich3b@artisteer.com,TRUE,Ainsley,McClure,77238 Lien Street,Burlington,5/8/2016,22-01-25
kkundt9i,313-325-9435,bkundt9i@princeton.edu,TRUE,Nathan,Johnston,708 Menomonie Crossing,New York,19-08-16,18-06-25
rcabrerae3,300-865-2810,pcabrerae3@parallels.com,TRUE,Isaac,Shelton,,San Francisco,26-08-16,7/10/2025
mabbisir,873-412-0338,aabbisir@tinypic.com,TRUE,Leo,Little,6 Grim Lane,Washington DC,27-08-16,14-05-25
dtween74,671-352-0696,dsuddaby74@gnu.org,TRUE,Beckett,Johnston,1 Thackeray Hill,New York,31-08-16,22-07-25
dcobden31,964-239-9729,fcobden31@wikimedia.org,TRUE,Kyleigh,Donaldson,6 Nelson Plaza,Raleigh,15-09-16,15-08-25
epearlede,447-510-0377,gpearlede@upenn.edu,FALSE,Dominic,Hayes,696 Lien Junction,New York,17-09-16,19-11-25
fcrathernh8,564-600-5004,scrathernh8@nps.gov,FALSE,Joseph,Thornton,2 Prairie Rose Plaza,Washington DC,17-09-16,1/10/2025
kfazackerleye9,159-231-6554,kfazackerleye9@google.co.uk,TRUE,Jackson,Erickson,11 Kim Court,New York,1/10/2016,13-12-24
rkesonc2,615-541-4649,mluchellic2@gmpg.org,FALSE,Angel,Goodwin,2690 Eagle Crest Park,Seattle,9/10/2016,18-11-25
mgoymer2m,757-524-2037,vgoymer2m@furl.net,TRUE,Eva,Armstrong,16 1st Court,Boston,11/10/2016,1/8/2025
jcurmi3s,147-351-8788,efoulds3s@hud.gov,TRUE,Sebastian,Hayes,04272 Schurz Court,New York,12/10/2016,16-11-25
lflintiffba,957-704-3673,dflintiffba@kickstarter.com,TRUE,David,Perry,92443 La Follette Hill,Boston,15-10-16,14-05-25
rbardwallaw,987-739-4181,cbardwallaw@ow.ly,TRUE,Maverick,Powell,58378 Daystar Way,San Francisco,27-10-16,27-02-25
karrighettic7,555-473-1947,farrighettic7@google.co.uk,TRUE,Christian,Allen,5 Onsgard Pass,Boston,29-10-16,22-05-25
ahrynczyk1t,829-136-0061,chrynczyk1t@statcounter.com,TRUE,Caroline,Little,3 Montana Park,Austin,27-11-16,22-06-25
atingcombab,487-507-0077,stingcombab@si.edu,TRUE,Andrew,Harrington,13501 Sycamore Road,Nashville,3/12/2016,8/4/2025
egarforth9f,119-710-0916,bgarforth9f@fc2.com,TRUE,Caleb,Griffin,1 Oxford Terrace,New York,4/12/2016,16-07-25
aedsall1o,239-453-6673,ledsall1o@about.com,TRUE,Hailey,Lane,88849 Spaight Pass,Boston,5/12/2016,4/2/2025
tshillakerfh,429-570-2133,jhanafordfh@chron.com,TRUE,Jackson,Barlow,1 Sutteridge Street,Boise,11/12/2016,30-11-24
lratnage7x,830-351-9407,aratnage7x@cam.ac.uk,FALSE,Malik,Harrington,0871 Sunfield Place,Nashville,12/12/2016,22-03-25
gogara8b,359-377-2686,celbourne8b@eventbrite.com,TRUE,Tyson,Kraus,7526 Maple Avenue,Santa Fe,27-12-16,3/9/2025
gwilsonec1,977-515-9724,gwilsonec1@dyndns.org,FALSE,Eli,Shepherd,656 Bashford Crossing,Seattle,27-12-16,25-04-25
swilkinson6z,722-694-4514,pwilkinson6z@webs.com,TRUE,Carter,Burns,829 Hanson Pass,San Francisco,6/1/2017,19-04-25
slechmere6,888-438-2801,slechmere6@ca.gov,TRUE,Isabella,Hughes,6 Oak Lane,Washington DC,10/1/2017,22-02-25
jstandishbrooksgm,201-725-2464,sstandishbrooksgm@scientificamerican.com,TRUE,Benjamin,Townsend,,San Francisco,30-01-17,14-02-25
dbeiderbeckdn,485-101-7269,rkynsondn@miibeian.gov.cn,FALSE,James,Peters,17653 Mallard Street,Boston,10/2/2017,7/1/2025
cperez5s,152-888-2960,nperez5s@cmu.edu,TRUE,Finn,Salazar,25598 Mifflin Way,Ann Arbor,12/2/2017,24-10-25
karmytage6c,711-531-4120,marmytage6c@java.com,TRUE,Xander,Graham,5 Welch Crossing,Seattle,25-02-17,25-03-25
tscampfa,649-897-1424,ascampfa@sina.com.cn,TRUE,Christopher,Carr,927 Summer Ridge Place,Houston,4/3/2017,30-01-25
cgarnsworthydw,785-534-7949,kgarnsworthydw@alexa.com,TRUE,Christopher,Stevens,03484 Stone Corner Hill,Washington DC,7/3/2017,7/8/2025
jflinders57,903-404-4923,nflinders57@slideshare.net,TRUE,Nicholas,Thornton,4 Vermont Terrace,Washington DC,10/3/2017,1/10/2025
lheathornec,107-514-7471,vheathornec@indiatimes.com,TRUE,Daniel,Madden,1 Express Hill,New York,11/3/2017,8/12/2024
ebence6e,161-429-5453,nbence6e@tamu.edu,TRUE,Nathaniel,Wallace,89704 Pine View Center,Seattle,16-03-17,24-08-25
fflookj1,500-162-2243,jflookj1@t-online.de,TRUE,Nathan,Griffin,5 Valley Edge Terrace,New York,17-03-17,23-09-25
bgive8n,,rgive8n@godaddy.com,TRUE,Liam,Fisher,9 Mandrake Street,New York,29-03-17,22-11-25
cdennei1,912-668-1049,pdennei1@hhs.gov,TRUE,Xavier,Ward,3 Heffernan Center,San Francisco,30-03-17,6/4/2025
swiltshierah,218-766-3904,rwiltshierah@alexa.com,TRUE,Nicholas,Carr,94903 Schiller Parkway,Houston,6/4/2017,3/6/2025
adrewco,842-981-1386,kdrewco@samsung.com,TRUE,Tyler,Monroe,71 Arrowood Court,Charlotte,19-04-17,2/8/2025
amclanachanhc,660-526-3045,vmclanachanhc@cam.ac.uk,FALSE,Caleb,Baxter,31151 Luster Hill,San Jose,25-04-17,1/4/2025
arickardes2a,838-607-7271,mrickardes2a@wix.com,FALSE,Lydia,Shepherd,47132 6th Crossing,New York,1/5/2017,6/5/2025
jquennell2g,716-401-8138,mquennell2g@army.mil,FALSE,Delilah,Allen,839 Fuller Avenue,Seattle,2/5/2017,19-03-25
sharbottlebh,590-293-9922,nsearlebh@jimdo.com,TRUE,Owen,Riley,1392 Cody Lane,Austin,4/5/2017,7/7/2025
sgamlenw,565-356-1672,rwilcew@studiopress.com,TRUE,Lily,Ross,09184 Morning Parkway,Austin,20-05-17,21-07-25
ajaffrey1c,772-636-2844,mjaffrey1c@google.de,TRUE,Claire,Ford,98 Tomscot Park,New York,22-05-17,30-08-25
lpasfieldii,882-586-9897,fpasfieldii@123-reg.co.uk,FALSE,Gabriel,Coleman,2225 Donald Center,Boston,24-05-17,21-09-25
rleeson26,349-142-1794,mleeson26@cbc.ca,TRUE,Liliana,Johnston,27334 Parkside Terrace,San Francisco,25-05-17,4/6/2025
jcantos4e,458-666-3435,hcantos4e@slate.com,TRUE,Isaac,Baldwin,82 Lien Junction,Washington DC,29-05-17,4/8/2025
sratledge2u,881-240-7847,bratledge2u@biglobe.ne.jp,TRUE,Genevieve,Moyer,005 Heffernan Park,Washington DC,6/6/2017,29-01-25
rohlsench,398-349-4224,bohlsench@pbs.org,TRUE,Roman,Lynch,683 Ridgeview Lane,Washington DC,10/6/2017,7/8/2025
jdohmer7t,539-209-7701,fdohmer7t@nationalgeographic.com,TRUE,Andres,Whitaker,61490 Green Court,Minneapolis,14-06-17,22-01-25
ssummerlygn,828-425-9433,jsummerlygn@tinypic.com,FALSE,Sebastian,Griffin,23 Morrow Pass,New York,10/7/2017,21-11-25
mciccettifq,311-934-0736,isaveallfq@pagesperso-orange.fr,TRUE,Asher,Foster,40 Carberry Crossing,San Francisco,11/7/2017,6/4/2025
kyaknovbt,684-563-6456,eyaknovbt@tinypic.com,FALSE,Jackson,Townsend,000 John Wall Way,San Francisco,25-07-17,14-09-25
psimbn,988-182-3565,ksimbn@washingtonpost.com,TRUE,Logan,Burke,51 Mockingbird Circle,San Jose,28-07-17,2/4/2025
hadanh4,656-642-9268,madanh4@mysql.com,FALSE,Benjamin,Tate,18 Orin Alley,Austin,8/8/2017,2/12/2024
pginie3f,635-389-1103,kginie3f@studiopress.com,TRUE,Avianna,Yates,,Charleston,9/8/2017,25-06-25
creaderhk,,zsmalleshk@slideshare.net,TRUE,Sebastian,Caldwell,63 Westridge Center,Salt Lake City,11/8/2017,10/4/2025
bconechiea4,728-569-0530,cconechiea4@eventbrite.com,TRUE,Jacob,Baxter,322 Laurel Street,San Jose,16-08-17,13-07-25
rouldred6y,941-141-2231,zouldred6y@privacy.gov.au,TRUE,Harrison,Warner,1199 Glacier Hill Drive,San Francisco,22-08-17,8/1/2025
aadriaanb6,934-709-4759,wadriaanb6@goodreads.com,TRUE,Daniel,Sullivan,0621 Butterfield Terrace,Seattle,26-08-17,1/9/2025
mwixey1,167-776-1423,ekleeborn1@mapy.cz,TRUE,Ava,Thompson,951 Rusk Park,San Francisco,6/9/2017,8/2/2025
sbrumblejc,,kbrumblejc@imdb.com,FALSE,James,Norman,6 Brentwood Junction,Boston,11/9/2017,17-10-25
dlandreth1g,357-985-0879,clandreth1g@nasa.gov,TRUE,Alice,Wallace,48027 Anzinger Court,New York,27-09-17,13-10-25
nambrogini3h,603-300-1017,sambrogini3h@tinyurl.com,TRUE,Ailani,Barlow,8 Tennyson Center,Boise,27-09-17,23-02-25
farlotthy,663-491-4684,tarlotthy@unesco.org,TRUE,Aiden,McKnight,40838 Harbort Avenue,Richmond,30-09-17,21-12-24
rmacardle83,717-467-9925,pmacardle83@weebly.com,FALSE,Israel,Carr,595 Golf Drive,Houston,2/10/2017,28-02-25
qcromeh2,661-603-1338,lbloxsomeh2@soundcloud.com,TRUE,Ethan,Lyons,6 Southridge Crossing,Austin,3/10/2017,7/8/2025
skaszper3c,406-557-4059,rkaszper3c@epa.gov,TRUE,Eliana,Estes,732 Kings Court,Bend,13-10-17,13-02-25
kenglandg2,732-684-3841,benglandg2@icq.com,FALSE,Mateo,Peters,5791 Drewry Court,Boston,20-10-17,22-04-25
tpoe3x,738-793-7258,gpoe3x@theglobeandmail.com,TRUE,Jackson,Graham,7799 Prairie Rose Road,Seattle,24-10-17,7/5/2025
xyeardsley7h,965-518-4853,eyeardsley7h@si.edu,FALSE,River,Barker,0 Village Green Alley,Austin,28-10-17,10/4/2025
cshelbornedz,,mshelbornedz@tamu.edu,TRUE,Logan,Jacobs,19 Kim Trail,Washington DC,14-11-17,7/8/2025
sdackombe20,345-846-3353,pdackombe20@google.com.au,TRUE,Elena,Warner,,Washington DC,15-11-17,10/5/2025
oleftbridge5n,533-889-3830,cleftbridge5n@msn.com,TRUE,Luis,Stuart,02 Paget Junction,Dallas,2/12/2017,18-08-25
nwardlefb,837-193-4297,twardlefb@zimbio.com,TRUE,Joshua,French,04 Fulton Trail,Burlington,2/12/2017,11/6/2025
ahatchard4y,783-175-7682,bhatchard4y@businessweek.com,FALSE,Carson,Webb,3746 Melvin Parkway,Boston,8/12/2017,30-09-25
jcurnokek,597-507-2093,gdurnoek@jugem.jp,FALSE,Ryan,Webb,44378 Farwell Circle,Boston,11/12/2017,18-07-25
pellicef2,,sellicef2@netscape.com,FALSE,Nathan,Monroe,3693 Waywood Hill,Charlotte,13-12-17,26-04-25
dklimontovichfx,314-774-1056,bklimontovichfx@freewebs.com,TRUE,Julian,Hamilton,3051 Waubesa Crossing,Seattle,16-12-17,27-11-24
rmcmennuma0,297-771-6924,lmcmennuma0@cdbaby.com,TRUE,Alexander,Thornton,56910 Nobel Court,Washington DC,24-12-17,11/9/2025
ameneghellie7,717-657-5366,smeneghellie7@harvard.edu,TRUE,Sebastian,Townsend,8 Artisan Alley,San Francisco,24-12-17,14-11-25
cgrubyeq,,ggrubyeq@soundcloud.com,FALSE,Jonathan,Curtis,77 Goodland Street,Austin,25-12-17,10/7/2025
ycudbertson5w,509-724-7940,lmilham5w@ihg.com,TRUE,Theo,Kraus,686 Redwing Crossing,Santa Fe,26-12-17,29-12-24
dtremontana6h,263-235-9064,rtremontana6h@pinterest.com,TRUE,Ian,Perry,67 Myrtle Lane,Boston,23-01-18,22-02-25
bmcsharrya6,804-580-5833,pmcsharrya6@ovh.net,TRUE,Gabriel,Moyer,8 Blaine Place,Denver,29-01-18,17-09-25
wkennerknechtax,287-650-3728,rcurcherax@merriam-webster.com,TRUE,Eli,Foster,891 Hermina Way,San Francisco,3/2/2018,1/6/2025
bendrizzi2k,335-880-5948,aendrizzi2k@yahoo.co.jp,TRUE,Ariana,Tate,54 Dakota Road,Boston,7/2/2018,2/9/2025
vmccomiskief3,761-848-1327,bmccomiskief3@rediff.com,FALSE,Cameron,Bishop,368 Prentice Street,Portland,11/2/2018,10/9/2025
bnisslecz,717-201-0790,jhelstripcz@salon.com,TRUE,Gideon,Krause,76763 Onsgard Hill,Madison,16-02-18,19-07-25
gfeethamcn,526-504-4753,sswansburycn@uiuc.edu,TRUE,Easton,Duke,8 Dayton Crossing,Raleigh,5/3/2018,13-09-25
rgartsydeit,659-695-0346,fgartsydeit@nifty.com,FALSE,James,Baldwin,,Washington DC,6/3/2018,4/1/2025
btamlett5p,423-923-6408,whaggie5p@princeton.edu,TRUE,Cash,French,7 Crescent Oaks Pass,Burlington,10/3/2018,23-02-25
kariss1x,472-750-4304,dariss1x@mapy.cz,TRUE,Lucy,Brady,01 Valley Edge Road,Washington DC,11/3/2018,12/9/2025
lsloperdd,583-895-3532,hsloperdd@army.mil,FALSE,Eli,Rivera,0867 Orin Place,New York,21-03-18,17-08-25
tstrike4u,863-445-8567,kstrike4u@liveinternet.ru,FALSE,Dominic,Goodwin,644 Kenwood Street,Seattle,24-03-18,5/7/2025
eyeude7n,412-342-6267,jyeude7n@example.com,TRUE,Jasper,Cross,43 Bellgrove Street,Washington DC,27-03-18,3/5/2025
bwevellfw,133-910-5305,yspightfw@plala.or.jp,TRUE,Carter,Ford,2 Old Shore Drive,Seattle,27-03-18,6/9/2025
hbarkawaycf,301-406-8872,ncristofericf@furl.net,TRUE,Dominic,Thornton,2 Loftsgordon Park,Washington DC,29-03-18,3/3/2025
hcornewall8y,911-119-7833,ncornewall8y@technorati.com,TRUE,Josiah,Stone,7 Toban Lane,Austin,31-03-18,11/8/2025
gribbensbg,,cribbensbg@behance.net,TRUE,Isaac,Hoffman,92 6th Circle,Austin,1/4/2018,1/5/2025
lsouthward3o,408-242-9206,lsouthward3o@chron.com,TRUE,Benjamin,Powell,92 High Crossing Center,San Francisco,3/4/2018,30-08-25
gcrockfordfn,425-753-8195,gcrockfordfn@digg.com,TRUE,Everett,Ward,89 Atwood Court,San Francisco,4/4/2018,6/11/2025
ghaibel3z,829-491-5796,jhaibel3z@unblog.fr,TRUE,Ethan,Wallace,21450 Brickson Park Street,Seattle,6/4/2018,2/11/2025
bvittetal,275-571-4348,avittetal@behance.net,TRUE,Logan,Salazar,8031 Orin Alley,Ann Arbor,8/4/2018,11/9/2025
rasty4w,964-404-5352,kasty4w@boston.com,TRUE,Cooper,Brewer,7369 Rigney Park,Boston,13-04-18,10/9/2025
astledgerc,901-913-5033,sstledgerc@feedburner.com,TRUE,Amelia,Rivera,7 Farmco Crossing,San Francisco,18-04-18,17-05-25
ngrutchfield7o,870-769-9836,sgrutchfield7o@shareasale.com,FALSE,Leon,Lynch,7 Monument Street,Washington DC,5/5/2018,12/11/2025
jgudemane1,684-747-0351,mgudemane1@nationalgeographic.com,FALSE,Caleb,Burke,,San Jose,5/5/2018,3/8/2025
hsedwickhm,561-926-7936,jsedwickhm@yale.edu,TRUE,Dominic,McGee,96417 School Avenue,Philadelphia,5/5/2018,26-07-25
ccadwaladr60,394-146-6450,acadwaladr60@theguardian.com,TRUE,Sawyer,Carter,128 Maple Wood Terrace,San Francisco,7/6/2018,16-05-25
ahardwidge9s,775-120-9177,khardwidge9s@reverbnation.com,TRUE,Lucas,Allen,4749 Swallow Park,Boston,9/6/2018,30-09-25
jgummoehg,190-858-2241,lclacsonhg@jimdo.com,TRUE,Maverick,Duke,802 Fulton Park,Raleigh,21-06-18,6/9/2025
dkroutf,937-385-7647,sbendanf@cbsnews.com,TRUE,Abigail,Kelly,78 Logan Junction,San Francisco,24-06-18,15-06-25
edaughertygy,307-479-8191,gskoategy@homestead.com,FALSE,Isaac,Norman,9 Hoard Lane,Boston,26-06-18,9/7/2025
jspibycg,116-921-1041,dspibycg@scientificamerican.com,FALSE,Ezra,Cross,3404 Nobel Court,Washington DC,27-06-18,30-09-25
dgownge1n,645-757-6695,sgownge1n@phoca.cz,TRUE,Sarah,Mills,38726 Prairie Rose Drive,Boston,7/7/2018,1/2/2025
drideoutgt,224-193-9013,crideoutgt@etsy.com,FALSE,Hunter,Pope,5048 Main Alley,Seattle,11/7/2018,28-04-25
bstear6a,148-101-1340,fstear6a@mail.ru,TRUE,Grayson,Ford,4 Loftsgordon Court,Seattle,22-07-18,17-02-25
cpeachman8q,261-670-7463,rpeachman8q@dot.gov,FALSE,Ethan,Graham,38 International Court,Seattle,22-07-18,16-03-25
jjoffe4m,,gjoffe4m@nytimes.com,TRUE,Nathan,Griffin,56 Scoville Plaza,New York,24-07-18,1/10/2025
gantoshinh5,441-919-3983,rantoshinh5@lulu.com,FALSE,Daniel,Curtis,36 Summer Ridge Drive,Austin,27-07-18,17-02-25
mhazlegrovegk,389-846-5854,thazlegrovegk@intel.com,TRUE,Matthew,Warner,2 Arrowood Crossing,San Francisco,28-07-18,2/5/2025
lgordenhs,337-392-4321,dgordenhs@about.com,TRUE,Ethan,Krause,0 New Castle Circle,Madison,28-07-18,29-06-25
tkildea1s,146-635-2283,mkildea1s@123-reg.co.uk,FALSE,Naomi,Barrett,0 Nelson Street,Austin,8/8/2018,8/4/2025
acoffeyif,701-366-9919,ncoffeyif@youku.com,TRUE,Sebastian,Porter,66119 Hallows Terrace,Boston,8/8/2018,14-02-25
ngumbhd,,mgumbhd@unesco.org,TRUE,Nathan,Phelps,97429 Banding Center,San Jose,14-08-18,17-07-25
kdoolan9,,jgoodrich9@fema.gov,TRUE,Lucas,Bennett,363 Jenifer Plaza,Minneapolis,31-08-18,15-07-25
cwix3d,427-573-1750,gbourton3d@elegantthemes.com,TRUE,Ember,Krause,02251 Dovetail Crossing,Madison,10/9/2018,11/7/2025
rashdown8t,,lashdown8t@friendfeed.com,TRUE,Gabriel,Porter,1 Karstens Drive,Boston,13-09-18,19-02-25
phumpherstoncm,200-195-4606,phumpherstoncm@geocities.com,TRUE,Evan,Whitaker,29797 Golf Course Place,Minneapolis,13-09-18,7/3/2025
gpeckitt8f,963-223-8896,epeckitt8f@java.com,FALSE,Blake,Ward,029 Northport Junction,San Francisco,16-09-18,25-04-25
goldridgeev,431-344-6338,eoldridgeev@4shared.com,TRUE,Matthew,Lynch,93 Sunbrook Crossing,Washington DC,19-09-18,1/4/2025
amasser24,,amasser24@spotify.com,TRUE,Mariah,Erickson,15733 Sloan Terrace,San Francisco,25-09-18,27-03-25
bhaddlestond9,,gfruind9@howstuffworks.com,FALSE,Roman,Brooks,24 Emmet Center,San Francisco,6/10/2018,1/11/2025
dmaccoughen5a,538-604-2201,emaccoughen5a@epa.gov,TRUE,Austin,Holloway,66456 Beilfuss Junction,Washington DC,19-10-18,10/10/2025
ndyterhn,999-502-2851,odyterhn@forbes.com,TRUE,Eli,Vaughn,996 Fordem Crossing,Atlanta,22-10-18,2/11/2025
kmccarl8o,539-448-7378,amccarl8o@noaa.gov,FALSE,Owen,Ford,8 Division Park,Seattle,1/11/2018,12/7/2025
ablampy6f,665-755-9561,lblampy6f@symantec.com,TRUE,Jonathan,Porter,83729 Manufacturers Court,Boston,7/11/2018,22-09-25
tevins85,757-721-6296,vevins85@zdnet.com,FALSE,Ezequiel,Estes,5808 Granby Road,Bend,13-11-18,14-11-25
mhebden4x,202-514-0798,uhebden4x@census.gov,TRUE,Miles,Norman,,Boston,17-11-18,15-08-25
lhobbert7f,680-757-1141,bhobbert7f@xinhuanet.com,TRUE,Jace,Chambers,269 Rigney Way,Boston,18-11-18,28-11-24
wfriedmanfi,479-364-4889,bbottbyfi@pagesperso-orange.fr,TRUE,Liam,Kraus,9 Oriole Avenue,Santa Fe,19-11-18,3/12/2024
bmctague3i,670-197-8155,emathelin3i@unicef.org,TRUE,Lillie,Kraus,537 Esker Parkway,Santa Fe,20-11-18,25-03-25
bsamteriv,121-812-7751,tsamteriv@walmart.com,TRUE,Daniel,Brady,1574 Warrior Junction,San Jose,25-11-18,9/3/2025
tmayzes27,847-676-0045,mmayzes27@wisc.edu,FALSE,Eliza,Madden,107 Colorado Way,San Francisco,27-11-18,19-04-25
wodohertyfe,785-711-6254,wgottsfe@squarespace.com,TRUE,Logan,Salazar,,Ann Arbor,27-11-18,28-12-24
aelmhirst5r,,iedwicke5r@smh.com.au,TRUE,Archer,Krause,,Madison,28-11-18,9/8/2025
bcockarillfm,885-991-1870,ncockarillfm@europa.eu,TRUE,Harrison,Carter,3576 Moulton Alley,San Francisco,4/12/2018,1/1/2025
kdefewd2,349-734-6513,rdefewd2@uol.com.br,TRUE,Vincent,Sanford,43629 Becker Park,Des Moines,13-12-18,19-09-25
dmacskeaganeo,639-147-0359,tmacskeaganeo@over-blog.com,TRUE,Gabriel,Barker,339 Talmadge Hill,Austin,19-12-18,30-07-25
moliveti8i,834-184-5530,doliveti8i@disqus.com,FALSE,Roman,Foster,91 Hooker Terrace,San Francisco,22-12-18,7/3/2025
fhedditchjf,999-738-1438,bhedditchjf@hhs.gov,TRUE,Benjamin,Chambers,34278 Vera Terrace,Boston,1/1/2019,16-07-25
jsalvatore7j,302-722-4831,csalvatore7j@typepad.com,FALSE,Miguel,Curtis,53008 Melvin Terrace,Austin,2/1/2019,10/10/2025
chellikesio,646-197-4218,hhellikesio@reverbnation.com,FALSE,Oliver,Riley,2698 High Crossing Crossing,Austin,5/1/2019,3/7/2025
lpalliser1f,905-623-3913,bpalliser1f@livejournal.com,FALSE,Ruby,Sullivan,0 Talisman Avenue,New York,10/1/2019,17-07-25
eoharney1u,446-529-7769,boharney1u@example.com,FALSE,Kennedy,Jacobs,16 Lyons Pass,Austin,11/1/2019,26-09-25
cbrimming8z,,msilverthorne8z@pinterest.com,TRUE,Nathan,Mills,482 Superior Street,Austin,20-01-19,27-05-25
dfrancombeip,,cfrancombeip@dailymotion.com,FALSE,Jacob,Stevens,446 Dixon Junction,Washington DC,20-01-19,13-02-25
hheddy8a,504-434-0085,mheddy8a@blogger.com,FALSE,Tristan,Barlow,320 Prairie Rose Way,Boise,24-01-19,24-08-25
mhedgecocka1,,bhedgecocka1@symantec.com,TRUE,Benjamin,Cross,6260 Thompson Place,Washington DC,26-01-19,21-12-24
fdines9g,224-727-9571,jdines9g@multiply.com,TRUE,Sebastian,Erickson,70367 Holy Cross Place,New York,1/2/2019,21-04-25
fgotmannd1,,mgotmannd1@ifeng.com,TRUE,Diego,Yates,19 Merchant Crossing,Charleston,19-02-19,5/7/2025
wlopez6d,762-943-7624,llopez6d@berkeley.edu,TRUE,Nolan,Sullivan,8947 Nelson Court,Seattle,21-02-19,31-08-25
mprawle52,609-354-8796,eprawle52@ehow.com,FALSE,Easton,Barker,1 Lakewood Gardens Parkway,Austin,24-02-19,4/11/2025
pbroadway5x,700-986-5469,mbroadway5x@i2i.jp,TRUE,Jayce,McKnight,5 Banding Plaza,Richmond,6/3/2019,10/8/2025
ckieran1h,763-810-3513,pkieran1h@mac.com,TRUE,Gabriella,Porter,9122 Green Ridge Alley,Seattle,9/3/2019,8/8/2025
adifriscoht,915-350-2831,hforgieht@stanford.edu,TRUE,Caleb,Salazar,1225 Larry Alley,Ann Arbor,10/3/2019,6/5/2025
enisetd0,521-254-4115,cnisetd0@chicagotribune.com,TRUE,Micah,Salazar,,Ann Arbor,2/4/2019,16-10-25
tzoren9h,657-863-4143,szoren9h@google.co.uk,TRUE,Adam,Briggs,9 Redwing Court,New York,8/4/2019,23-12-24
jfleyhw,343-257-7621,jfleyhw@cargocollective.com,TRUE,Logan,Barlow,42510 Mccormick Parkway,Boise,11/4/2019,19-09-25
vpeelg8,867-171-3263,mpeelg8@canalblog.com,FALSE,Nathan,Lane,,Austin,18-04-19,3/11/2025
lmccorkindaleix,151-780-7796,lmccorkindaleix@hostgator.com,FALSE,Joseph,Horton,60 Sugar Road,San Francisco,19-04-19,22-04-25
dnealydl,955-177-8674,ynealydl@yale.edu,FALSE,Miles,Wallace,834 Esch Way,Seattle,25-04-19,11/1/2025
vhakonssona9,615-308-8275,jhakonssona9@booking.com,FALSE,Christopher,Monroe,73 Raven Court,Charlotte,30-04-19,20-11-25
mmcgranegv,583-135-1919,cmcgranegv@ifeng.com,TRUE,Leo,Goodwin,6194 Sage Way,Seattle,30-04-19,23-01-25
mhugle2v,592-662-7177,nhugle2v@soundcloud.com,TRUE,June,Whitaker,2 Corry Junction,Washington DC,2/5/2019,12/1/2025
bkeuntjegg,140-154-4632,hscholcroftgg@cmu.edu,TRUE,Logan,Burke,8165 Basil Drive,San Jose,5/5/2019,14-09-25
agelemann,,cgelemann@hubpages.com,TRUE,Victoria,Flores,29 Bluejay Court,Seattle,14-05-19,26-04-25
gwyllcocks7b,159-290-9008,kwyllcocks7b@php.net,FALSE,Brody,Brewer,2835 Clyde Gallagher Parkway,Boston,16-05-19,26-06-25
gtoleman5j,624-507-3824,rtoleman5j@51.la,TRUE,Maxwell,Caldwell,472 Sutherland Hill,Salt Lake City,23-05-19,17-08-25
nworboys6i,468-379-0326,gworboys6i@disqus.com,TRUE,Brayden,Coleman,889 Goodland Way,Boston,24-05-19,13-05-25
cswanger35,764-338-6226,aswanger35@deliciousdays.com,TRUE,Amira,Carr,908 Garrison Way,Salt Lake City,12/6/2019,11/12/2024
bchristol9o,357-490-8591,schristol9o@arstechnica.com,TRUE,Aaron,Parks,90 Summer Ridge Plaza,Seattle,13-06-19,18-12-24
cgremane21,171-276-3721,sitzkovsky21@usda.gov,TRUE,Aubrey,Burns,7 Merry Place,San Jose,16-06-19,18-01-25
igilhoolieet,170-699-3724,hgilhoolieet@bbc.co.uk,FALSE,Henry,Thornton,1228 Derek Way,Washington DC,20-06-19,29-07-25
bpowdrell9k,112-996-3787,kfrandsen9k@unicef.org,TRUE,Hunter,McCarthy,63 Forest Run Junction,Seattle,24-06-19,18-10-25
vdegoix39,500-882-8454,cdegoix39@google.com.au,TRUE,Winter,Vargas,77129 Colorado Junction,Dallas,27-06-19,30-12-24
mpogosianhv,139-941-6624,kpogosianhv@cnbc.com,TRUE,Mason,Sanford,67048 Meadow Ridge Alley,Des Moines,27-06-19,3/3/2025
jrozierad,939-718-9109,arozierad@newyorker.com,TRUE,Charles,Donaldson,90 Fieldstone Park,San Diego,29-06-19,3/11/2025
rreekendg,984-895-3612,wreekendg@columbia.edu,TRUE,Nathan,Fisher,9684 Kinsman Point,New York,30-06-19,7/5/2025
mplaschke5t,488-449-9297,aplaschke5t@merriam-webster.com,TRUE,Beckett,Yates,08241 Nancy Drive,Charleston,22-07-19,18-08-25
rmatejag7,281-181-8762,nmatejag7@unicef.org,TRUE,Ethan,Mills,7966 Commercial Pass,Austin,23-07-19,28-05-25
ebarthram8l,613-827-0725,cvaney8l@archive.org,TRUE,Kayden,Hayes,723 Mendota Lane,New York,29-07-19,8/12/2024
fmathy5d,828-567-4923,lmathy5d@earthlink.net,TRUE,Bentley,Moyer,78 Messerschmidt Street,Denver,6/8/2019,4/6/2025
vgossipine0,834-518-1160,tgossipine0@ed.gov,FALSE,Nathan,Baldwin,1300 Algoma Road,Washington DC,10/8/2019,2/1/2025
tkeoghane9j,,gkeoghane9j@alibaba.com,TRUE,Grayson,Madden,581 Hudson Place,New York,16-08-19,22-06-25
elarkbyaz,802-300-7653,mlarkbyaz@tripadvisor.com,TRUE,James,Rivera,67 Dennis Park,New York,24-08-19,9/12/2024
gcorstancs,799-936-6093,ocorstancs@biblegateway.com,TRUE,Mateo,Donaldson,84 Sundown Way,San Diego,3/9/2019,16-11-25
mbann4d,,ebann4d@reuters.com,TRUE,Joseph,Jacobs,957 Hudson Road,Washington DC,5/9/2019,1/4/2025
cseary2i,893-474-4344,nseary2i@i2i.jp,TRUE,Natalia,Lyons,01102 Vidon Terrace,Boston,11/9/2019,23-08-25
wsmithamel,323-480-8461,csmithamel@shareasale.com,TRUE,Luke,Allen,93 Redwing Trail,Boston,12/9/2019,25-11-25
pmarusyak79,795-617-4440,omacanelley79@desdev.cn,TRUE,Emmanuel,Goodwin,017 Brown Center,Seattle,15-09-19,4/8/2025
wcastledinegz,162-140-5394,mcastledinegz@devhub.com,FALSE,Matthew,Webb,93562 Ridge Oak Plaza,Boston,20-09-19,24-11-25
mgerhts6x,969-239-7689,ggerhts6x@w3.org,TRUE,Maximus,Horton,87 Union Place,San Francisco,26-09-19,21-10-25
cmcilmoriea2,633-233-1753,rmcilmoriea2@theglobeandmail.com,TRUE,Samuel,Lynch,8883 Shelley Circle,Washington DC,26-09-19,12/3/2025
aschelleg,980-994-6510,lbrookesbieg@hatena.ne.jp,TRUE,Emily,Ward,37964 Anzinger Street,New York,27-09-19,23-01-25
borigan2y,476-489-6483,aorigan2y@usnews.com,TRUE,Jordan,Bishop,13 5th Terrace,San Jose,6/10/2019,25-10-25
rbrockman7r,582-766-9084,jbrockman7r@vimeo.com,FALSE,Carlos,Phelps,32 Dottie Place,San Jose,9/10/2019,25-11-25
afidelld,899-457-4676,kfidelld@bloglines.com,TRUE,Harper,Price,8820 Delaware Plaza,San Francisco,16-10-19,19-01-25
jlucock33,415-504-3832,klucock33@mysql.com,TRUE,Emersyn,Vaughn,716 Scott Drive,Portland,21-10-19,11/6/2025
gphilippart4l,813-911-1998,mphilippart4l@naver.com,FALSE,Caleb,Townsend,6 Waubesa Way,San Francisco,22-10-19,10/5/2025
okeppe97,165-326-5306,ckeppe97@youtube.com,TRUE,Connor,Baldwin,13 Hermina Alley,Washington DC,26-10-19,8/9/2025
vbutterworthcr,831-461-2096,dbutterworthcr@bing.com,TRUE,Jonah,Caldwell,1 Porter Circle,Salt Lake City,3/11/2019,16-02-25
ajentzschb9,843-741-4055,cjentzschb9@wunderground.com,TRUE,Joseph,Peters,,Boston,4/11/2019,7/4/2025
mseabridgear,355-686-1683,aseabridgear@1688.com,FALSE,Gabriel,Henson,81 Express Avenue,Spokane,7/11/2019,31-03-25
sdwane1a,545-122-1320,gdwane1a@hubpages.com,FALSE,Audrey,Hayes,7003 Esker Crossing,Las Vegas,8/11/2019,25-09-25
rkiellorgs,653-695-8709,tkiellorgs@gnu.org,TRUE,Ryan,McCarthy,173 Twin Pines Hill,Seattle,10/11/2019,11/4/2025
mgarmansh0,709-760-2886,jgarmansh0@nyu.edu,FALSE,William,Allen,32 Maple Wood Crossing,Boston,13-11-19,3/11/2025
crosenschein42,742-711-1819,srosenschein42@scribd.com,TRUE,William,Perry,01835 Scofield Street,Boston,20-11-19,21-02-25
hsloeyfl,165-561-0012,nsloeyfl@domainmarket.com,TRUE,Lucas,Krause,3 Hollow Ridge Junction,Madison,27-11-19,24-06-25
lcobbledickan,666-232-0161,fcobbledickan@barnesandnoble.com,TRUE,Eli,Sanford,622 Beilfuss Circle,Des Moines,30-11-19,28-08-25
bferrieroi61,130-992-0826,kferrieroi61@mayoclinic.com,TRUE,Eli,Ward,91160 La Follette Pass,San Francisco,4/12/2019,29-07-25
ggoulddo,904-255-3127,dgoulddo@wikipedia.org,FALSE,Alexander,Perry,321 Corscot Circle,Boston,4/12/2019,1/10/2025
abamb1b,543-838-8885,dbamb1b@microsoft.com,TRUE,Skylar,Myers,174 Eagan Center,Las Vegas,6/12/2019,13-02-25
ajenne2h,810-933-8859,mjenne2h@quantcast.com,TRUE,Sophie,Chambers,0437 Muir Avenue,Seattle,8/12/2019,22-11-25
vdymottdt,991-472-9141,vdymottdt@oaic.gov.au,TRUE,Joseph,Lane,78270 Kinsman Way,Austin,16-12-19,16-09-25
mgirauld8d,711-371-9859,wgirauld8d@samsung.com,FALSE,Kairo,Henson,1351 Service Park,Spokane,18-12-19,21-09-25
ldooheyha,213-303-6033,fdooheyha@skype.com,TRUE,Lucas,Lynch,578 Continental Trail,Washington DC,22-12-19,17-08-25
jvolettefz,421-148-2507,avolettefz@prweb.com,TRUE,Isaac,Sullivan,77 Hudson Road,Seattle,26-12-19,19-10-25
dnossent3t,350-722-4613,gnossent3t@diigo.com,TRUE,Jackson,Barnes,2 Rieder Center,New York,4/1/2020,23-06-25
astapells7p,300-745-3651,nstapells7p@diigo.com,FALSE,Theo,Holloway,0606 Annamark Place,Washington DC,7/1/2020,16-12-24
mpancoastj3,746-612-4130,apancoastj3@harvard.edu,TRUE,Ethan,Briggs,4480 Miller Court,New York,10/1/2020,6/4/2025
lbrastead40,196-642-3582,tmcnellis40@nps.gov,TRUE,Jacob,Porter,08 Kennedy Avenue,Boston,16-01-20,24-03-25
bberregw,,yberregw@cbsnews.com,FALSE,Jacob,Parks,2 Sugar Crossing,Seattle,21-01-20,22-08-25
gpetrengo,109-982-4964,apetrengo@nasa.gov,TRUE,Lucas,Erickson,2377 Bluestem Circle,New York,22-01-20,8/6/2025
sfrost73,439-216-0183,kfrost73@theguardian.com,TRUE,Elliot,Briggs,2214 Cascade Circle,New York,23-01-20,21-04-25
sthompson1i,191-868-4221,lthompson1i@mapy.cz,TRUE,Peyton,Peters,42447 Schmedeman Road,Seattle,24-01-20,19-01-25
jsienefv,166-991-4477,csienefv@bloglovin.com,TRUE,Gabriel,Fisher,740 Carpenter Street,New York,31-01-20,21-10-25
csouthwardhx,410-300-4935,esouthwardhx@w3.org,TRUE,Elijah,Kraus,,Santa Fe,2/2/2020,21-03-25
hvenart68,580-603-7716,svenart68@china.com.cn,TRUE,Ezekiel,Barnes,27385 Clemons Terrace,New York,5/2/2020,6/6/2025
adaughtreybu,378-459-4130,kdaughtreybu@gnu.org,TRUE,Aiden,Griffin,04 Gina Court,New York,14-02-20,25-03-25
bbendelowb3,446-594-7600,sbendelowb3@google.es,TRUE,Gabriel,Ford,640 Dakota Park,Seattle,20-02-20,7/12/2024
krosenstengel4j,144-336-3645,crosenstengel4j@com.com,FALSE,Maverick,Warner,0109 Old Gate Hill,San Francisco,1/3/2020,26-02-25
kchippingbb,352-429-0434,bchippingbb@stanford.edu,TRUE,Christopher,Coleman,,Boston,7/3/2020,3/1/2025
lmarquese6t,683-894-5083,cmarquese6t@hc360.com,TRUE,Vincent,Baldwin,98043 Burrows Center,Washington DC,14-03-20,20-07-25
eklaggemanes,848-532-7219,lklaggemanes@jiathis.com,TRUE,David,Berry,30263 Sunnyside Alley,Washington DC,18-03-20,6/4/2025
acansfield8u,315-137-5003,pcansfield8u@usda.gov,TRUE,Caleb,Peters,6 Loomis Center,Boston,31-03-20,6/1/2025
echeshire3n,813-774-6172,gteers3n@hexun.com,TRUE,James,Brooks,6385 Grover Avenue,San Francisco,2/4/2020,28-05-25
mlovitt72,521-268-2148,blovitt72@wsj.com,TRUE,Malachi,Erickson,0 Browning Place,New York,4/4/2020,30-01-25
klefeaver2z,677-399-6272,ilefeaver2z@state.tx.us,TRUE,Mila,Harrington,9485 7th Terrace,Denver,10/4/2020,12/12/2024
lcannawayez,507-226-8904,fcannawayez@tinypic.com,FALSE,Daniel,Moyer,9321 John Wall Trail,Denver,24-04-20,20-02-25
dkeiltyj9,,starrantj9@hugedomains.com,TRUE,Owen,Goodwin,037 Judy Park,Seattle,2/5/2020,20-10-25
kgiacopazzi47,119-871-0498,vgiacopazzi47@patch.com,TRUE,Luke,Lane,,Austin,5/5/2020,1/2/2025
cwintringham8c,113-268-8807,swintringham8c@myspace.com,FALSE,Cruz,McKnight,5663 Melby Drive,Richmond,10/5/2020,29-09-25
gdarbenjb,387-908-6096,fdarbenjb@yellowpages.com,TRUE,Henry,Brewer,47889 Evergreen Park,Boston,14-05-20,24-05-25
mtoke9r,858-584-4145,ptoke9r@baidu.com,TRUE,Wyatt,Webb,25274 Riverside Road,Boston,15-05-20,18-12-24
efrusher5y,491-295-2995,cfrusher5y@sbwire.com,TRUE,Graham,Henson,7715 Macpherson Drive,Spokane,16-05-20,15-12-24
araper6r,291-175-1178,cdebney6r@fc2.com,TRUE,Jaxon,Little,67357 Kingsford Street,Washington DC,17-05-20,26-04-25
cmacvaydq,410-482-4704,emacvaydq@e-recht24.de,TRUE,Daniel,Jenkins,6 Sunfield Pass,Boston,22-05-20,9/12/2024
phearleic,295-213-5615,dhearleic@smh.com.au,TRUE,Owen,Graham,69 Schurz Court,Seattle,26-05-20,22-08-25
kbloysed,846-630-7652,jbloysed@bigcartel.com,TRUE,Oliver,McCarthy,8 Meadow Valley Street,Seattle,29-05-20,5/6/2025
aenga3j,383-976-2920,aenga3j@delicious.com,TRUE,Brynlee,McKnight,67290 Holmberg Place,Richmond,4/6/2020,9/1/2025
ileirmonth8j,550-543-9502,pleirmonth8j@twitpic.com,TRUE,Miles,Bryant,3421 Victoria Drive,New York,12/6/2020,13-04-25
mgoolden8w,133-955-0462,klayland8w@woothemes.com,TRUE,Sebastian,Coleman,92 Leroy Trail,Boston,12/6/2020,7/8/2025
sseabrooke7s,262-835-6374,lseabrooke7s@zimbio.com,FALSE,Cole,Moyer,50 Victoria Parkway,Denver,13-06-20,5/4/2025
pduncklee8,988-960-4851,msonnenschein8@baidu.com,TRUE,Mason,Flores,9 Karstens Alley,Denver,22-06-20,25-11-25
ewennb0,114-209-1128,gwennb0@discuz.net,TRUE,Alexander,Hayes,,New York,22-06-20,30-03-25
ralyokhineg,858-400-6179,galyokhineg@unicef.org,FALSE,Aiden,Goodwin,01 Miller Way,Seattle,3/7/2020,19-11-25
pstookedc,324-895-4501,dstookedc@addtoany.com,TRUE,Ezra,Bryant,47 Rowland Hill,New York,7/7/2020,21-11-25
nearnshawg4,390-333-9207,mearnshawg4@redcross.org,TRUE,Sebastian,Coleman,43927 Hovde Junction,Boston,21-07-20,17-02-25
ahutsbydb,242-125-1586,ghutsbydb@admin.ch,FALSE,Landon,Foster,9 Anthes Alley,San Francisco,23-07-20,24-04-25
lweberej,768-512-0790,mweberej@wufoo.com,FALSE,Grayson,Norman,76762 West Place,Boston,24-07-20,20-11-25
hswithenbyp,763-801-3856,aswithenbyp@nytimes.com,TRUE,Grace,Wood,8 Melby Plaza,Seattle,4/8/2020,19-07-25
dstelljesbe,233-171-1244,pelmarbe@reuters.com,TRUE,Nathan,Mills,3802 Schmedeman Center,Austin,4/8/2020,26-08-25
cvango4c,167-550-3017,avango4c@omniture.com,TRUE,Matthew,Little,24092 Mallard Point,Washington DC,6/8/2020,30-10-25
pchesswasct,459-608-8675,fchesswasct@tumblr.com,TRUE,Cameron,McGee,17 East Pass,Philadelphia,14-08-20,3/12/2024
lcorbally4r,316-661-9804,acorbally4r@nyu.edu,TRUE,Cameron,McCarthy,70 Luster Drive,Seattle,19-08-20,13-02-25
breddanb1,349-759-7312,jreddanb1@themeforest.net,TRUE,Benjamin,Barnes,3472 High Crossing Alley,New York,21-08-20,3/4/2025
eobybd,308-909-8104,mobybd@usatoday.com,TRUE,Ryan,Stone,7615 Barnett Crossing,Austin,25-08-20,13-06-25
awhyteman3m,313-350-1861,awhyteman3m@senate.gov,TRUE,Elijah,Ward,0 Evergreen Avenue,San Francisco,27-08-20,14-01-25
fanniwell4n,325-234-8108,lanniwell4n@networksolutions.com,FALSE,Isaiah,Erickson,8 Sunbrook Street,New York,29-08-20,13-09-25
athompson11,307-260-8150,gthompson11@unc.edu,TRUE,Savannah,Simmons,25594 Carberry Hill,Washington DC,1/9/2020,26-09-25
bmullinger7y,865-564-4975,lmullinger7y@va.gov,TRUE,Dawson,Caldwell,,Salt Lake City,7/9/2020,27-07-25
fblydefu,852-615-2092,hblydefu@weather.com,TRUE,Owen,Barnes,029 Roth Plaza,New York,9/9/2020,2/10/2025
eelnor22,298-401-1101,kelnor22@issuu.com,FALSE,Gianna,Townsend,698 Bluestem Hill,San Jose,21-09-20,16-10-25
tgilluley2l,142-670-4177,pgilluley2l@blogs.com,TRUE,Maya,Curtis,78035 Northport Court,Boston,22-09-20,16-09-25
jramel4a,153-261-1761,cramel4a@msu.edu,TRUE,David,Stevens,032 Quincy Parkway,Washington DC,8/10/2020,25-12-24
ehutchingesc8,303-125-1421,ghutchingesc8@seattletimes.com,FALSE,Miles,Chambers,94238 Briar Crest Parkway,Boston,12/10/2020,2/10/2025
hstaplefordje,570-459-1243,sstaplefordje@ucoz.com,FALSE,Nathan,Allen,4554 Steensland Road,Boston,16-10-20,24-11-25
jforwardf8,995-607-3498,vforwardf8@earthlink.net,TRUE,John,Vaughn,95472 Butterfield Point,Atlanta,17-10-20,4/8/2025
rschutt6u,279-764-1576,mschutt6u@ifeng.com,TRUE,Micah,Burke,2 Gale Point,San Jose,27-10-20,23-03-25
tbrookbank92,627-142-5868,hbrookbank92@nps.gov,TRUE,Mateo,Riley,07147 Lukken Lane,Austin,11/11/2020,13-09-25
dhaldoneb,376-853-1860,fhaldoneb@odnoklassniki.ru,TRUE,Ethan,Johnston,769 Pleasure Court,New York,11/11/2020,19-06-25
aclevers,576-708-9271,pclevers@bing.com,TRUE,Layla,Long,03635 Superior Drive,Boston,15-11-20,26-12-24
ewiltsheriz,350-532-0080,pbigleyiz@slate.com,TRUE,Elijah,Burns,476 Derek Terrace,San Francisco,18-11-20,25-03-25
kbluschkeb4,304-627-8394,rbluschkeb4@senate.gov,TRUE,Ethan,Hamilton,23 Londonderry Avenue,Seattle,19-11-20,14-02-25
csmailedy,725-107-1792,psmailedy@unicef.org,TRUE,Joshua,Little,965 Clyde Gallagher Lane,Washington DC,19-12-20,24-01-25
rknowltongh,413-536-8624,aknowltongh@skyrock.com,FALSE,Ethan,Brady,8 Sage Place,San Jose,21-12-20,20-07-25
dhubbard59,849-205-0888,phubbard59@economist.com,TRUE,Brooks,Lynch,781 1st Avenue,Washington DC,24-12-20,12/2/2025
bblasli5c,779-638-6423,rblasli5c@marketwatch.com,TRUE,Kai,Phelps,7 Debra Parkway,San Jose,2/1/2021,20-04-25
mwipfler2s,739-332-9326,cwipfler2s@moonfruit.com,TRUE,Elise,Baxter,10402 Kensington Hill,Washington DC,8/1/2021,26-10-25
bpendridhp,957-849-1710,hpendridhp@etsy.com,TRUE,Jackson,Carr,4714 Village Alley,Houston,10/1/2021,6/2/2025
bandresserd6,859-509-8984,vandresserd6@va.gov,TRUE,Xavier,Henson,771 Maple Wood Avenue,Spokane,13-01-21,28-08-25
ssirr9w,380-988-5770,bhackley9w@g.co,TRUE,Ryan,Tate,74100 Dovetail Center,Austin,20-01-21,17-09-25
asteven46,409-314-0743,csteven46@dailymail.co.uk,TRUE,Owen,Mills,48 Leroy Avenue,Austin,23-01-21,12/9/2025
odansonu,626-949-0918,edansonu@purevolume.com,TRUE,Zoey,Mitchell,46 Sugar Plaza,Boston,5/2/2021,16-01-25
rheake7w,233-240-2095,hheake7w@elpais.com,TRUE,Enzo,Bishop,83856 Northport Plaza,Portland,14-02-21,3/11/2025
vfishburnc0,256-410-3405,jfishburnc0@indiegogo.com,TRUE,Cameron,Pope,5 Independence Crossing,Seattle,23-02-21,4/12/2024
delbyb5,899-206-7620,belbyb5@so-net.ne.jp,TRUE,Samuel,Graham,8 Ridgeway Parkway,Seattle,24-02-21,12/10/2025
rgaiger6b,134-793-4690,dgaiger6b@themeforest.net,TRUE,Adam,Hamilton,,Seattle,25-02-21,7/5/2025
ehalpinee6,930-245-1454,thalpinee6@blogger.com,FALSE,Alexander,Burns,2377 6th Place,San Francisco,10/3/2021,4/1/2025
cechalie2p,273-467-8223,aechalie2p@seesaa.net,TRUE,River,Cross,0004 Macpherson Place,Austin,14-03-21,4/1/2025
eghidolibf,884-785-3300,rghidolibf@ca.gov,TRUE,Luke,Lane,9 Claremont Center,Austin,19-03-21,11/4/2025
lsaunders2o,695-229-1980,agrunder2o@alexa.com,TRUE,Ivy,Thornton,90 Bellgrove Road,Austin,21-03-21,12/5/2025
vgladbachcj,609-614-7880,mgladbachcj@irs.gov,TRUE,Adrian,Baxter,8 Truax Lane,San Jose,27-03-21,26-12-24
hdyerscc,582-797-8492,edyerscc@mayoclinic.com,TRUE,Carter,Curtis,93383 Moland Circle,Austin,31-03-21,8/11/2025
ddawdary2c,280-434-2815,rshovelin2c@topsy.com,FALSE,Julia,Parks,78027 Walton Lane,New York,23-04-21,26-12-24
wschutt6j,904-883-6220,cschutt6j@google.pl,TRUE,Jeremiah,Jenkins,42897 Ridge Oak Alley,Boston,23-04-21,9/8/2025
emutlow95,654-853-6833,smutlow95@purevolume.com,TRUE,Aaron,Little,7 Schlimgen Point,Washington DC,24-04-21,23-11-25
lburcombebx,824-672-2523,oburcombebx@ibm.com,FALSE,Mateo,Johnston,99045 Hermina Drive,New York,27-04-21,22-03-25
ajills13,469-730-6959,ejills13@php.net,TRUE,Paisley,Henderson,246 Bartillon Alley,Washington DC,29-04-21,24-01-25
ericciardelli3q,797-452-8845,fricciardelli3q@who.int,TRUE,Henry,Bryant,3 Golden Leaf Alley,New York,30-04-21,31-05-25
ecompfortik,824-500-3870,ccompfortik@google.es,FALSE,Liam,Stone,16 Lillian Circle,Austin,5/5/2021,6/10/2025
bgoodfellowebs,390-159-8971,cgoodfellowebs@yellowbook.com,TRUE,Joseph,Burns,13 Waywood Crossing,San Francisco,12/5/2021,25-01-25
fantoniewicz5q,830-680-6948,rantoniewicz5q@howstuffworks.com,TRUE,Karter,Estes,43874 Texas Street,Bend,21-05-21,14-09-25
jranscombef0,201-881-3316,yranscombef0@wunderground.com,TRUE,Caleb,Whitaker,4325 Eagle Crest Alley,Minneapolis,22-05-21,11/7/2025
isnoxall63,410-542-8894,tsnoxall63@sogou.com,TRUE,Calvin,Powell,10347 Knutson Circle,San Francisco,1/6/2021,1/11/2025
jproudlovecy,286-511-1348,dproudlovecy@hc360.com,TRUE,Asher,Estes,9413 Little Fleur Road,Bend,2/6/2021,26-11-24
lmaestro8x,320-992-8293,amaestro8x@exblog.jp,TRUE,Christian,Jenkins,413 Hanson Parkway,Boston,4/6/2021,13-09-25
rweinbergf6,297-135-1678,adecourcyf6@cnet.com,FALSE,Joseph,Donaldson,5 Summit Circle,San Diego,7/6/2021,31-08-25
hprium4,953-881-5833,pprium4@cmu.edu,TRUE,Noah,Patel,86670 Pierstorff Terrace,Boston,23-06-21,26-03-25
lcalderheadj2,689-740-6482,alavensj2@twitpic.com,TRUE,Isaiah,Erickson,8 Killdeer Alley,New York,24-06-21,4/3/2025
mmcgrawi0,284-143-8492,gmcgrawi0@washingtonpost.com,TRUE,Julian,Carter,21 Golf Course Trail,San Francisco,29-06-21,14-04-25
nrevel94,645-963-2819,kfaulconer94@w3.org,TRUE,Jeremiah,Barrett,4 Fulton Road,Washington DC,1/7/2021,30-07-25
bbollen1k,388-423-9717,sbollen1k@fotki.com,TRUE,Bella,Coleman,5 5th Plaza,Seattle,7/7/2021,20-01-25
kdightgi,747-922-6350,pdightgi@reference.com,TRUE,Alexander,Shelton,50737 Magdeline Street,San Francisco,11/7/2021,19-07-25
kcallaway9m,776-483-2265,gsatchell9m@europa.eu,TRUE,Leo,Shepherd,1015 Kedzie Plaza,Seattle,17-07-21,2/1/2025
gkemson51,349-675-3527,rkemson51@deliciousdays.com,TRUE,Greyson,Lyons,,Austin,1/8/2021,26-01-25
arother62,808-590-0273,brother62@twitpic.com,TRUE,Jude,Brooks,4 Goodland Hill,San Francisco,9/8/2021,20-02-25
vrushmerei6,515-530-8966,arushmerei6@booking.com,TRUE,Eli,Rivera,0697 Harbort Point,New York,9/8/2021,19-11-25
ebleezej0,673-774-9312,jbleezej0@intel.com,TRUE,Alexander,Townsend,69710 Independence Drive,San Francisco,14-08-21,19-04-25
eshackesby9q,295-759-3294,mshackesby9q@squarespace.com,TRUE,Ethan,Norman,0004 Meadow Ridge Terrace,Boston,16-08-21,26-06-25
wlenthallq,865-353-9210,glenthallq@canalblog.com,TRUE,Chloe,King,5 Johnson Parkway,Boston,22-08-21,10/12/2024
jdimitrieij,,bdimitrieij@go.com,FALSE,Matthew,Jenkins,,Boston,22-08-21,7/9/2025
dgenty5e,561-468-5077,mbracher5e@arizona.edu,TRUE,Micah,Whitaker,2930 Blue Bill Park Terrace,Minneapolis,28-08-21,12/9/2025
kbranstony,,cbranstony@xinhuanet.com,TRUE,Hazel,Griffin,27559 Pawling Way,Austin,1/9/2021,27-03-25
bsweetenham3w,356-246-2342,ksweetenham3w@sciencedaily.com,TRUE,Logan,Hamilton,,Seattle,6/9/2021,21-07-25
rrolfe1w,,jrolfe1w@vkontakte.ru,FALSE,Cora,Burke,69780 Village Green Parkway,Washington DC,10/9/2021,10/1/2025
tgissophl,674-853-2714,ggissophl@ask.com,TRUE,Levi,Donaldson,0 Paget Center,San Diego,10/9/2021,1/3/2025
jfrobisher12,486-763-2227,gfrobisher12@irs.gov,TRUE,Brooklyn,Foster,54099 Killdeer Lane,Washington DC,7/10/2021,26-11-24
dshadwick9d,476-425-2909,mtombs9d@craigslist.org,TRUE,Beckett,Burns,65 Northland Point,San Francisco,7/10/2021,18-04-25
pmiddiff32,572-558-6549,ngrigoire32@vimeo.com,TRUE,Ariella,McGee,4 Linden Hill,Charlotte,14-10-21,4/9/2025
xpactat7k,317-462-2374,cpactat7k@twitter.com,TRUE,Nicolas,Armstrong,29307 Boyd Lane,Austin,17-10-21,4/1/2025
calexandredj,465-743-3001,galexandredj@altervista.org,FALSE,Evan,Graham,9553 Ridgeview Street,Seattle,22-10-21,30-10-25
ngarrod50,779-678-0637,ngarrod50@sfgate.com,FALSE,Jaxson,Chambers,715 Spaight Point,Boston,27-10-21,8/2/2025
ltrilla8,671-136-3210,ttrilla8@nps.gov,FALSE,Anthony,Duke,7894 Roxbury Way,Raleigh,27-10-21,26-05-25
jharvett5k,410-993-4170,gharvett5k@wiley.com,TRUE,Weston,Donaldson,49 Meadow Vale Parkway,San Diego,30-10-21,10/6/2025
rcobboldcl,495-192-3635,hcobboldcl@census.gov,TRUE,Aaron,Moyer,9628 Mallard Place,Denver,6/11/2021,12/3/2025
tclericoatesk,360-961-3763,eclericoatesk@eepurl.com,TRUE,Luna,Hughes,2454 Judy Crossing,New York,10/11/2021,9/9/2025
lizsak37,694-804-8990,kizsak37@harvard.edu,TRUE,Vivienne,French,,Philadelphia,15-11-21,26-07-25
bsimkad8,751-612-7667,dsimkad8@sogou.com,FALSE,Milo,Ward,26008 Towne Circle,San Francisco,16-11-21,28-07-25
cbyhamdh,361-150-3844,hbyhamdh@unicef.org,FALSE,Hudson,Ford,5 Daystar Lane,Seattle,20-11-21,4/3/2025
hneate2b,,nneate2b@e-recht24.de,FALSE,Clara,Goodwin,96775 Marcy Plaza,New York,25-11-21,2/10/2025
hsindersoniq,848-935-9932,jsindersoniq@ustream.tv,TRUE,Maverick,Barrett,80379 Birchwood Drive,Washington DC,25-11-21,27-04-25
menglishby4f,594-294-2102,tenglishby4f@trellian.com,TRUE,Julian,Burke,4779 Helena Parkway,San Jose,6/12/2021,7/5/2025
rstrippf5,442-455-9231,tstrippf5@google.cn,TRUE,David,Caldwell,37592 Harper Avenue,Salt Lake City,8/12/2021,26-09-25
rbraghini80,862-187-3717,fbraghini80@elegantthemes.com,FALSE,Elliott,McGee,6 Old Gate Avenue,Philadelphia,12/12/2021,10/2/2025
tburfootc5,417-555-7376,lburfootc5@dedecms.com,TRUE,Grayson,Norman,3 Pierstorff Street,Boston,12/12/2021,13-10-25
ogosforthf9,651-980-4628,fgosforthf9@twitpic.com,FALSE,Matthew,Stuart,28108 Saint Paul Junction,Dallas,14-12-21,12/12/2024
evaunhe,152-507-4860,rvaunhe@umn.edu,TRUE,Isaiah,Moyer,7983 Miller Street,Denver,15-12-21,1/7/2025
pjerdein6g,298-463-1510,gludlem6g@gmpg.org,TRUE,Aaron,Peters,640 2nd Terrace,Boston,16-12-21,13-09-25
gjessopgb,,rjessopgb@amazon.com,TRUE,Jackson,Stevens,191 Jay Street,Washington DC,21-12-21,4/9/2025
mmillanbj,510-640-9254,nmillanbj@thetimes.co.uk,TRUE,Elijah,Barrett,0 Stoughton Hill,Washington DC,28-12-21,20-06-25
sbateripgq,753-508-6325,sbateripgq@elegantthemes.com,FALSE,Caleb,Johnston,69532 South Hill,New York,17-01-22,10/6/2025
pstrotongr,204-416-7423,dstrotongr@prnewswire.com,TRUE,Nathan,Madden,8183 Northport Junction,New York,4/2/2022,3/3/2025
kbraamcv,293-272-1294,abraamcv@amazonaws.com,TRUE,Cole,Stuart,8 Fair Oaks Way,Dallas,5/2/2022,28-11-24
vtroygx,569-285-3408,jtroygx@china.com.cn,FALSE,Gabriel,Brewer,94 Tennyson Terrace,Boston,6/2/2022,10/11/2025
hcordeuxi7,310-732-7706,bcordeuxi7@dmoz.org,TRUE,Oliver,Hayes,7399 Debs Lane,New York,8/2/2022,8/1/2025
glamb34,968-260-5725,elamb34@ow.ly,TRUE,Adelyn,Stuart,85097 Kim Trail,Nashville,10/2/2022,25-05-25
fgoodlet3a,569-108-2294,dgoodlet3a@java.com,TRUE,Charlee,Rollins,343 Bellgrove Court,Houston,14-02-22,6/5/2025
jlegganfy,183-255-3526,blegganfy@google.es,TRUE,Nicholas,Graham,1 Corscot Court,Seattle,18-02-22,19-11-25
chalbordg0,136-348-3203,mhalbordg0@bizjournals.com,TRUE,Leo,Wallace,2 Marcy Street,Seattle,22-02-22,26-08-25
myukhoveh,982-414-6712,ryukhoveh@so-net.ne.jp,TRUE,Cameron,Parks,89678 Northfield Center,Seattle,24-02-22,22-11-25
fnewittdk,,cnewittdk@deliciousdays.com,FALSE,Isaiah,Sullivan,,Seattle,25-02-22,6/9/2025
nwilce54,788-609-0540,twilce54@ovh.net,FALSE,Hunter,Curtis,6 Division Trail,Austin,1/3/2022,14-08-25
pwestondv,967-796-1164,mwestondv@nih.gov,FALSE,William,Riley,,Austin,7/3/2022,6/8/2025
mstrotonev,125-236-1383,tstrotonev@cnet.com,TRUE,Nora,Sanders,68890 Charing Cross Park,Austin,8/3/2022,27-04-25
bpeer2j,558-752-1376,jpeer2j@mac.com,TRUE,Faith,Barker,3 Clove Park,Boston,14-03-22,2/8/2025
cwatmorecw,658-593-9766,bwatmorecw@ifeng.com,TRUE,Jason,Carr,90612 Butternut Street,Houston,16-03-22,12/4/2025
achilcotte5h,496-586-9815,fchilcotte5h@mozilla.org,TRUE,Kingston,Bishop,16 Shelley Way,Portland,23-03-22,17-12-24
cpardewim,606-664-5600,rpardewim@jiathis.com,TRUE,Lucas,Lane,53460 Nobel Center,Austin,24-03-22,30-05-25
ywastell84,,mshimony84@github.com,FALSE,Josue,French,,Burlington,11/4/2022,6/11/2025
wwillock7m,507-207-9035,rwillock7m@prweb.com,FALSE,Ivan,Thornton,4841 Pawling Street,Washington DC,22-04-22,22-06-25
wbramhall7e,802-915-1623,sbramhall7e@buzzfeed.com,TRUE,Zayden,Allen,64529 Blaine Way,Boston,25-04-22,30-12-24
hhartiliy,388-313-4827,bhartiliy@desdev.cn,TRUE,Benjamin,Warner,3 Waywood Lane,San Francisco,28-04-22,14-12-24
pizkoviczef,600-259-7220,iblaydef@businessweek.com,FALSE,Elijah,Shepherd,5506 Tennessee Drive,Seattle,2/5/2022,1/4/2025
avanhoveag,436-673-5713,pvanhoveag@pagesperso-orange.fr,TRUE,Matthew,Stuart,16 Nelson Lane,Dallas,20-05-22,27-03-25
dvequaudgl,365-445-7568,bvequaudgl@free.fr,TRUE,Joseph,Burns,5 Anzinger Avenue,San Francisco,21-05-22,21-11-25
iflitcroftby,677-170-8132,lflitcroftby@blogspot.com,TRUE,Luke,Madden,76064 West Center,New York,23-05-22,21-12-24
afearnsex,248-242-9359,vfearnsex@blogtalkradio.com,TRUE,Andrew,Baxter,9 International Terrace,San Jose,1/6/2022,22-09-25
eelsmore2t,526-312-0475,aelsmore2t@bing.com,TRUE,Margot,Phelps,8 Blue Bill Park Road,Washington DC,6/6/2022,6/2/2025
rkitchingman3u,609-792-5434,ckitchingman3u@example.com,TRUE,Daniel,Fisher,207 American Ash Street,New York,18-06-22,12/4/2025
jetheringtone,533-252-8002,setheringtone@a8.net,TRUE,Evelyn,Brooks,06015 Westport Way,San Francisco,19-07-22,1/7/2025
mszantho3g,998-481-0497,dszantho3g@bluehost.com,TRUE,Poppy,Sanford,,Des Moines,21-07-22,19-02-25
gcrucef7,647-724-5580,rcrucef7@gov.uk,TRUE,William,McGee,04453 Westridge Park,Philadelphia,25-07-22,24-01-25
tdietschej8,171-850-0610,elintotj8@chron.com,TRUE,Liam,Shepherd,8 Becker Terrace,Seattle,13-08-22,23-09-25
mwodham3,649-361-5301,gwodham3@dot.gov,TRUE,Olivia,Nguyen,1 Jenna Way,Seattle,24-08-22,23-06-25
dcoldbreath9l,427-698-6879,rcoldbreath9l@ehow.com,TRUE,Jason,Pope,51 Bayside Junction,Seattle,30-08-22,30-04-25
dstyan7q,145-932-8768,astyan7q@usgs.gov,TRUE,Bryce,Baxter,61438 Golf Course Junction,San Jose,4/9/2022,8/6/2025
dradfordhu,667-936-8192,jradfordhu@pinterest.com,TRUE,Isaac,Yates,634 Hanover Court,Charleston,12/9/2022,10/8/2025
alequeux8h,559-683-4213,rthoumas8h@moonfruit.com,TRUE,Jasper,Powell,848 Mitchell Avenue,San Francisco,13-09-22,28-04-25
cnenci16,333-370-0224,rbyk16@networkadvertising.org,TRUE,Natalie,Barnes,3 High Crossing Street,San Jose,21-09-22,12/8/2025
tdawtreyak,872-396-7906,cdawtreyak@walmart.com,FALSE,Ryan,Krause,71251 Lindbergh Trail,Madison,5/10/2022,5/1/2025
ndemendozadi,840-932-1084,gdemendozadi@ezinearticles.com,FALSE,Leo,Hamilton,,Seattle,8/10/2022,18-10-25
akempton6m,561-125-0099,skempton6m@ebay.com,TRUE,Braxton,Lane,3 Fulton Point,Austin,9/10/2022,9/1/2025
sfeechanhb,397-427-9900,hfeechanhb@cpanel.net,TRUE,Henry,Holloway,74 Kings Street,Washington DC,12/10/2022,5/3/2025
pbohlje7,555-874-7002,hbohlje7@nih.gov,TRUE,Sophia,Ramirez,3663 Graceland Point,Austin,13-10-22,13-04-25
abitchenog5,451-696-0874,abitchenog5@tinypic.com,TRUE,Dominic,Jenkins,210 Northport Street,Boston,13-10-22,10/6/2025
sboarercq,545-284-1607,sboarercq@freewebs.com,TRUE,Angel,Harrington,643 Heffernan Lane,Nashville,20-10-22,7/9/2025
hbenediktovichhi,146-761-8198,mbenediktovichhi@archive.org,TRUE,Carter,Bishop,,Portland,24-10-22,18-03-25
fheymese8,165-545-9437,cheymese8@hibu.com,TRUE,Mason,Griffin,184 Manufacturers Lane,New York,26-10-22,19-10-25
sbehninckgu,837-248-2104,cbehninckgu@buzzfeed.com,FALSE,Eli,Shepherd,48 Basil Alley,Seattle,16-11-22,17-06-25
bboeter2w,654-357-3735,scareswell2w@bloomberg.com,TRUE,Sloane,Duke,3 Alpine Lane,Washington DC,18-11-22,1/12/2024
abeddardfd,957-424-7984,rbeddardfd@yelp.com,TRUE,Mason,Krause,29 Kings Lane,Madison,21-11-22,8/10/2025
lmollatt1q,895-434-5634,amollatt1q@symantec.com,TRUE,Autumn,Riley,31 Hallows Street,Boston,22-11-22,19-06-25
skimpton78,788-572-4555,ekimpton78@chronoengine.com,TRUE,Jason,Shepherd,71000 Corry Plaza,Seattle,22-11-22,18-05-25
hshilladayh9,640-692-0396,lcarletonh9@xing.com,TRUE,Samuel,Cross,27205 Stuart Crossing,Washington DC,29-11-22,8/12/2024
jdaice1v,998-248-9143,wdaice1v@liveinternet.ru,TRUE,Aaliyah,Baldwin,94 Rockefeller Crossing,Austin,7/12/2022,12/12/2024
kambroisec6,427-302-7913,sambroisec6@jigsy.com,FALSE,Colton,Webb,03676 Fairfield Trail,Boston,9/12/2022,31-05-25
pfriman89,354-193-1028,afriman89@blogger.com,FALSE,Santino,Sanford,961 Portage Hill,Des Moines,11/12/2022,17-12-24
crichie6v,713-750-2383,srichie6v@slashdot.org,TRUE,Roman,Brady,,San Jose,20-12-22,10/3/2025
abridgnell96,,hbridgnell96@aol.com,TRUE,Maverick,Jacobs,8087 Oxford Hill,Washington DC,21-12-22,5/4/2025
vburgoynea3,688-279-0044,lburgoynea3@sun.com,TRUE,William,Holloway,4 Village Green Road,Washington DC,27-12-22,4/5/2025
tolorenshaw17,,acrosskell17@e-recht24.de,FALSE,Zoe,Fisher,38 Twin Pines Terrace,San Francisco,28-12-22,18-10-25
dmacalasterck,451-272-6191,dmacalasterck@loc.gov,TRUE,Nathan,Phelps,0492 Dakota Lane,San Jose,29-12-22,17-12-24
clandrickhh,505-399-2294,sbonnysonhh@biglobe.ne.jp,TRUE,Wyatt,Monroe,011 Waxwing Avenue,Charlotte,5/1/2023,23-10-25
mbrennen2e,692-694-4733,zbrennen2e@alibaba.com,TRUE,Adalynn,Norman,06700 Dapin Circle,Seattle,16-01-23,30-05-25
mduckwithh,939-455-2716,cduckwithh@blinklist.com,TRUE,Ella,Cox,035 Valley Edge Street,New York,18-01-23,30-08-25
galldridgeg3,676-175-7260,walldridgeg3@chicagotribune.com,TRUE,Isaiah,Perry,9 Farwell Place,Boston,4/2/2023,6/7/2025
ngratrex14,726-957-5249,hgratrex14@imageshack.us,TRUE,Ellie,Rivera,804 Eastlawn Circle,Washington DC,8/2/2023,23-01-25
ctabourin19,983-591-3151,rtabourin19@mail.ru,TRUE,Hannah,Reyes,37 Menomonie Lane,San Francisco,8/2/2023,26-05-25
ttrice8v,241-185-1589,ltrice8v@hhs.gov,TRUE,Isaiah,Perry,16046 Marcy Park,Boston,14-02-23,9/12/2024
fdowseyd3,607-495-7442,adowseyd3@skype.com,TRUE,Emmett,Barlow,771 Oak Valley Lane,Boise,19-02-23,30-10-25
zdunkerley6k,834-762-0717,bdunkerley6k@marriott.com,TRUE,Landon,Stone,604 Old Gate Place,Austin,20-02-23,15-08-25
ctutchell8g,149-535-1561,etutchell8g@vimeo.com,TRUE,Bentley,Brooks,,San Francisco,21-02-23,26-08-25
olowensohnf1,634-663-1960,rlowensohnf1@ucoz.ru,TRUE,Isaiah,Duke,6067 Eagan Way,Raleigh,24-02-23,13-07-25
kshambroke4o,481-197-8176,cshambroke4o@un.org,FALSE,Charles,Briggs,,New York,26-02-23,18-01-25
dethertonj6,119-648-2168,oethertonj6@zimbio.com,FALSE,Lucas,McCarthy,2 Delladonna Court,Seattle,10/3/2023,31-07-25
awellsman5v,547-823-8340,acotman5v@google.es,TRUE,Zion,Barlow,9002 Waubesa Crossing,Boise,9/4/2023,20-05-25
ktomaskov8s,631-992-2705,stomaskov8s@elegantthemes.com,TRUE,Grayson,Wallace,306 Onsgard Drive,Seattle,18-04-23,14-10-25
arhuleer,859-840-2913,jrhuleer@deliciousdays.com,FALSE,Eli,Armstrong,05452 Coleman Center,Austin,26-04-23,9/4/2025
tscatcher5u,646-480-6772,ccammacke5u@netscape.com,TRUE,River,Sanford,04533 Fordem Terrace,Des Moines,28-04-23,8/1/2025
rpitkeathley7c,667-616-8750,tpitkeathley7c@cnet.com,TRUE,Ryker,Norman,45 Leroy Terrace,Boston,8/5/2023,12/11/2025
hjiruh1,140-999-9847,tjiruh1@dyndns.org,TRUE,James,Chambers,,Boston,15-05-23,29-06-25
mwarkeca,687-118-2253,mwarkeca@taobao.com,TRUE,Jonathan,Barker,48 Autumn Leaf Trail,Austin,6/6/2023,17-03-25
blaughrenff,558-955-7781,tlaughrenff@youtu.be,TRUE,Aiden,Yates,3381 Prairie Rose Way,Charleston,15-06-23,15-02-25
ogillimghamb8,989-911-7620,ebeynb8@bbc.co.uk,TRUE,Andrew,Porter,76 Fallview Street,Boston,18-06-23,16-03-25
kstopforth7d,577-752-2629,mtome7d@china.com.cn,TRUE,Tyler,Webb,495 Glacier Hill Plaza,Boston,19-06-23,3/6/2025
rthrasher1r,126-756-2876,ethrasher1r@unesco.org,TRUE,Serenity,Stevens,067 Shelley Plaza,Austin,12/7/2023,18-06-25
bqueyeiro6l,843-236-6220,rqueyeiro6l@bandcamp.com,TRUE,Dominic,Mills,,Austin,12/7/2023,5/8/2025
alornsen5z,153-456-9834,clornsen5z@1688.com,TRUE,#VALUE!,#VALUE!,5405 High Crossing Crossing,Corpus Christi,14-07-23,8/4/2025
rgieves49,431-412-8493,ngieves49@cnet.com,TRUE,Levi,Riley,6120 Bobwhite Crossing,Austin,25-07-23,29-05-25
aclooney4q,824-326-9147,jblenkhorn4q@alibaba.com,FALSE,Adrian,Madden,9726 Victoria Junction,New York,30-07-23,17-02-25
jsheeresge,117-915-6568,csheeresge@hp.com,TRUE,Henry,Jacobs,24699 Di Loreto Parkway,Washington DC,1/8/2023,23-02-25
edenisyuki,255-612-9104,rdenisyuki@deliciousdays.com,TRUE,Elizabeth,Howard,73873 Nancy Terrace,New York,13-08-23,27-03-25
ndelavaletteparisotf4,164-282-3156,adelavaletteparisotf4@homestead.com,FALSE,Aaron,Harrington,0 Gerald Drive,Nashville,16-08-23,25-05-25
lyorston7v,482-488-2204,fyorston7v@cnn.com,FALSE,Jett,Monroe,1422 Dawn Place,Charlotte,21-08-23,8/11/2025
lwollard99,504-537-1517,lwollard99@simplemachines.org,TRUE,Nicholas,Brady,0 Esker Lane,San Jose,5/9/2023,22-02-25
troxburchh6,504-895-3568,froxburchh6@dedecms.com,FALSE,Michael,Armstrong,0925 Barby Way,Austin,16-09-23,6/6/2025
blearmonthfr,,klearmonthfr@drupal.org,TRUE,Maverick,Bryant,96 Dwight Avenue,New York,26-09-23,13-01-25
oengall4h,,pengall4h@miibeian.gov.cn,TRUE,Thomas,Shelton,41 Clemons Pass,San Francisco,30-09-23,11/10/2025
vmaciejakbv,402-203-2731,feastmeadbv@intel.com,TRUE,Jackson,Erickson,,New York,18-10-23,2/10/2025
sweedall3e,866-650-6141,cweedall3e@exblog.jp,TRUE,Dream,Salazar,0112 Redwing Avenue,Ann Arbor,23-10-23,9/4/2025
agunnygd,427-604-5025,dgunnygd@state.gov,FALSE,Elijah,Little,553 Vermont Terrace,Washington DC,27-10-23,29-06-25
lwhildeci,444-969-7229,nwhildeci@imgur.com,TRUE,Jordan,Holloway,8216 Colorado Point,Washington DC,30-10-23,16-10-25
alippett71,197-447-5824,aknibbs71@dot.gov,TRUE,Nathaniel,Griffin,15 Pine View Trail,New York,4/11/2023,24-04-25
ctanslie7g,932-724-4406,ktanslie7g@amazon.com,TRUE,Eli,Lyons,840 Hansons Trail,Austin,5/11/2023,22-02-25
kpurcellh3,229-412-1128,ppurcellh3@amazon.co.uk,TRUE,Alexander,Barker,7214 Forest Dale Parkway,Austin,24-11-23,26-03-25
bduckhouseis,741-553-9868,bgammageis@edublogs.org,TRUE,Alexander,Jacobs,20 Riverside Point,Washington DC,18-12-23,1/5/2025
ltynemouthea,120-858-9256,ktynemouthea@nhs.uk,FALSE,Logan,Briggs,396 International Lane,New York,24-12-23,1/7/2025
cbroadwell2x,,ebroadwell2x@cargocollective.com,TRUE,Tessa,Monroe,5 Northport Alley,San Jose,1/1/2024,8/11/2025
bcasaccia66,528-656-8583,lcasaccia66@latimes.com,TRUE,Thomas,Rivera,95088 Sullivan Pass,New York,1/1/2024,13-09-25
tmaria29,542-233-6169,tyearby29@telegraph.co.uk,TRUE,Adeline,Pope,36854 Oneill Hill,New York,5/1/2024,19-05-25
mskegg58,391-950-8958,jvanderwalt58@example.com,TRUE,Everett,Cross,3338 Grover Trail,Washington DC,7/1/2024,14-02-25
mjepps9y,710-484-7850,sjepps9y@phoca.cz,TRUE,Daniel,Armstrong,5 Canary Trail,Austin,12/1/2024,9/11/2025
icolemanfs,500-497-6578,jcolemanfs@army.mil,TRUE,Eli,Rivera,064 Chinook Street,New York,12/1/2024,20-01-25
danthoniesam,822-617-0414,banthoniesam@deviantart.com,TRUE,Nathan,Yates,64 High Crossing Place,Charleston,15-01-24,27-10-25
bodeorangf,646-388-2791,nodeorangf@army.mil,FALSE,William,Baldwin,792 Hagan Alley,Washington DC,15-01-24,6/8/2025
mtick87,972-973-9722,mtick87@bloglovin.com,TRUE,Kayson,Salazar,09 Shopko Court,Ann Arbor,17-01-24,11/4/2025
wgallemore5i,642-451-6717,lgallemore5i@netscape.com,TRUE,Diego,Harrington,22 La Follette Alley,Nashville,18-01-24,20-06-25
cguthrum67,522-100-3758,jguthrum67@ucla.edu,TRUE,Charles,Hayes,6382 3rd Court,New York,21-01-24,15-02-25
krustedgefo,566-477-1928,irustedgefo@state.gov,TRUE,Grayson,Brooks,7861 Hollow Ridge Court,San Francisco,22-01-24,19-11-25
klargenbr,644-271-4038,alargenbr@comcast.net,TRUE,David,Warner,1 Kedzie Junction,San Francisco,7/2/2024,24-08-25
robyen,758-790-2482,kobyen@npr.org,TRUE,Owen,Lyons,478 Farragut Crossing,Austin,20-02-24,3/3/2025
crobberts7l,663-105-4514,drobberts7l@fotki.com,FALSE,Axel,Berry,2739 Milwaukee Point,Washington DC,24-02-24,7/9/2025
cbofieldce,696-639-5331,rbofieldce@scribd.com,FALSE,Jaxon,Berry,7358 Ilene Pass,Washington DC,5/3/2024,19-05-25
mwyllt64,945-977-8508,dwyllt64@unblog.fr,TRUE,Ashton,Foster,6 Rockefeller Junction,San Francisco,16-03-24,29-07-25
pchurcher4t,844-865-0872,achurcher4t@boston.com,TRUE,Christopher,Shepherd,932 Londonderry Hill,Seattle,21-03-24,19-04-25
lcooleac,587-792-7969,scooleac@epa.gov,FALSE,Joseph,Caldwell,97895 Thackeray Park,Salt Lake City,24-03-24,29-12-24
randrzejowski3k,783-913-6676,bandrzejowski3k@timesonline.co.uk,TRUE,Siena,Henson,86915 Forest Run Park,Spokane,27-03-24,5/8/2025
thaggerty1z,818-170-0762,wwoodsford1z@goo.ne.jp,TRUE,Ariana,Horton,,Washington DC,5/4/2024,17-11-25
dqueyeiro4k,659-905-1817,nqueyeiro4k@globo.com,FALSE,Josiah,Burns,0 Vermont Hill,San Francisco,18-04-24,14-05-25
bgreengrassg1,222-126-9020,bgreengrassg1@xinhuanet.com,TRUE,Caleb,Porter,6 Center Junction,Boston,21-04-24,22-09-25
ckeamgp,741-797-6328,skeamgp@dion.ne.jp,TRUE,Owen,Briggs,,New York,22-04-24,16-05-25
aruft,532-316-2545,pruft@vistaprint.com,TRUE,Riley,Scott,66 Nobel Center,Boston,29-04-24,2/4/2025
tattreedaf,551-548-4777,aattreedaf@weather.com,TRUE,Daniel,Vaughn,663 Vera Point,Atlanta,3/5/2024,24-07-25
hlorking4i,222-881-1686,blorking4i@ocn.ne.jp,TRUE,Hudson,Horton,,San Francisco,4/5/2024,3/1/2025
mtaysbilai,798-948-4146,ntaysbilai@thetimes.co.uk,FALSE,David,French,891 Bayside Way,Burlington,8/5/2024,26-04-25
eshinnero,969-447-7408,cshinnero@opensource.org,TRUE,Madison,Cooper,7630 Washington Circle,Seattle,14-05-24,5/3/2025
adanfordj4,386-213-3380,njukubczakj4@salon.com,TRUE,Gabriel,Johnston,34270 Fulton Court,New York,15-05-24,4/1/2025
eyates1m,609-572-1726,fyates1m@ft.com,TRUE,Allison,Stone,928 Hollow Ridge Park,Boston,18-05-24,9/2/2025
lmcmeekingfj,777-189-4150,bmcmeekingfj@techcrunch.com,TRUE,Jacob,McKnight,7 Glendale Lane,Richmond,18-05-24,4/2/2025
gofenei,714-569-4933,kofenei@about.com,TRUE,Nathan,Brewer,2173 Dottie Avenue,Boston,19-05-24,23-04-25
kflewetta,615-110-5756,aflewetta@elegantthemes.com,TRUE,Mia,Edwards,3018 Scofield Court,Raleigh,20-05-24,27-09-25
mmarkiehf,816-279-0603,bmarkiehf@guardian.co.uk,TRUE,Logan,Whitaker,61770 Longview Center,Minneapolis,20-05-24,4/8/2025
jarnott4g,916-975-9655,iarnott4g@flickr.com,TRUE,Adam,Brady,,San Jose,23-05-24,18-02-25
hiles69,272-669-2605,jiles69@google.de,TRUE,Connor,Fisher,52982 Esch Center,New York,23-05-24,1/6/2025
rgrahl0,253-307-0183,cgrahl0@boston.com,TRUE,Leyla,Hassan,2268 Starling Court,Maine,25-05-24,25-01-25
pwauchope55,400-129-2799,rwauchope55@upenn.edu,TRUE,Colton,Armstrong,483 Dunning Drive,Austin,30-05-24,24-12-24
hdehailesd4,617-223-7793,wgiabuzzid4@nps.gov,TRUE,Luis,Kraus,46 Meadow Ridge Court,Santa Fe,1/6/2024,12/1/2025
wincognaib,804-706-7064,fincognaib@who.int,FALSE,Hunter,Hamilton,6329 Manitowish Place,Seattle,1/6/2024,14-12-24
ljeandel7u,485-303-8384,ljeandel7u@pbs.org,FALSE,Maximus,Duke,8639 Mifflin Junction,Raleigh,5/6/2024,5/5/2025
rwelsbybp,,gwelsbybp@a8.net,FALSE,Ethan,Shelton,79522 Bluejay Place,San Francisco,6/6/2024,22-06-25
wmartindalej,506-172-6311,rmartindalej@com.com,TRUE,Camila,Gray,2427 Warner Hill,Las Vegas,7/6/2024,27-04-25
yslorach2r,516-264-7756,mslorach2r@icio.us,TRUE,Eden,Holloway,3 Crest Line Center,Austin,12/6/2024,12/4/2025
noffill93,890-247-9756,joffill93@reverbnation.com,TRUE,Jonah,Stevens,5 Dakota Center,Washington DC,17-06-24,5/11/2025
ahiorn2n,834-143-9294,ehiorn2n@seattletimes.com,TRUE,Isla,Berry,20 Dwight Park,Austin,22-06-24,25-04-25
rsheehy76,555-125-2987,lsheehy76@histats.com,TRUE,Mateo,McCarthy,0 Darwin Way,Seattle,22-06-24,8/10/2025
ochampkinia,589-577-4071,lchampkinia@sciencedirect.com,TRUE,Cameron,Ford,6897 Warbler Trail,Seattle,27-06-24,21-02-25
bbalinex,499-892-9946,hbalinex@tiny.cc,TRUE,Hannah,Bryant,075 Beilfuss Way,Austin,28-06-24,24-12-24
gconwelli4,442-878-6001,lconwelli4@1und1.de,TRUE,Evan,Foster,4328 Ludington Way,San Francisco,30-06-24,21-04-25
smeasomep,646-233-1423,hmeasomep@free.fr,FALSE,Christian,Tate,54290 Mallory Hill,Austin,1/7/2024,10/10/2025
dnovichenkoau,,onovichenkoau@storify.com,TRUE,Jace,Ward,1 Pennsylvania Court,San Francisco,6/7/2024,23-06-25
tveregan6w,338-498-4414,lveregan6w@imdb.com,TRUE,Kingston,Shelton,19 Lakewood Road,San Francisco,12/7/2024,15-06-25
aantonoviciw,,mantonoviciw@typepad.com,TRUE,Matthew,Shelton,204 Merry Way,San Francisco,23-07-24,2/8/2025
wleach44,,dleach44@skype.com,TRUE,Wyatt,Jenkins,1756 Dryden Crossing,Boston,4/8/2024,23-12-24
sskehensbc,829-490-4347,pskehensbc@chron.com,TRUE,Jonathan,Jenkins,3 Farwell Street,Boston,5/8/2024,20-12-24
ghambleton7a,250-941-0170,ahambleton7a@youku.com,TRUE,Kaiden,Parks,5 Bellgrove Center,Seattle,9/8/2024,16-11-25
nwestover8p,988-989-3316,fwestover8p@gnu.org,TRUE,Hudson,Hamilton,9007 Fordem Crossing,Seattle,15-08-24,29-01-25
bjespere4,813-330-9560,kjespere4@goo.ne.jp,TRUE,Ethan,Horton,63 Evergreen Crossing,San Francisco,19-08-24,23-04-25
swhelanbk,738-580-9681,mwhelanbk@netvibes.com,TRUE,Joshua,Little,9 Springs Drive,Washington DC,20-08-24,26-02-25
oyong15,403-187-8861,mfinnemore15@hud.gov,TRUE,Stella,Foster,405 Shasta Way,San Jose,1/9/2024,16-05-25
rpie6p,751-649-9484,cbaud6p@bloglines.com,TRUE,Josiah,Stevens,15984 Portage Terrace,Washington DC,3/9/2024,12/9/2025
nbissett9z,735-585-2552,sbissett9z@deviantart.com,TRUE,James,Berry,54 Harbort Center,Washington DC,15-10-24,11/3/2025
lvarsey3l,118-684-2973,lvarsey3l@reddit.com,TRUE,Oliver,Carter,80 Corry Alley,San Francisco,16-10-24,25-10-25
tdecourseyao,318-510-6395,wdecourseyao@rakuten.co.jp,TRUE,Owen,Barlow,66 Florence Parkway,Boise,20-10-24,21-02-25
emcconnal82,671-670-4305,rmcconnal82@unblog.fr,FALSE,Hector,Stuart,14 Mitchell Terrace,Dallas,23-10-24,15-11-25
coade86,598-676-8129,toade86@xinhuanet.com,FALSE,Gael,Krause,8 Reinke Center,Madison,24-10-24,10/6/2025
aparell30,966-205-5814,mparell30@hhs.gov,TRUE,Nina,Caldwell,68799 3rd Pass,Minneapolis,9/11/2024,24-11-25
jgullanbo,274-909-6902,jgullanbo@yahoo.co.jp,TRUE,Mason,Brady,3373 Hanson Point,San Jose,11/11/2024,1/10/2025
rmcguffogc9,989-951-0009,cmcguffogc9@ehow.com,TRUE,Nicholas,Lyons,028 Fisk Circle,Austin,20-11-24,17-11-25
vkeijser1e,565-597-7880,ekeijser1e@g.co,TRUE,Sadie,Graham,458 Toban Road,New York,22-11-24,9/6/2025
rdeshorts36,833-164-8381,sdeshorts36@aboutads.info,TRUE,Blakely,Shannon,455 Spenser Terrace,San Diego,25-11-24,18-08-25
naugustushj,865-702-6377,kaugustushj@amazon.com,TRUE,Hunter,Harrington,7343 Marcy Parkway,Nashville,26-11-24,17-02-25
olowesja,252-477-8174,plowesja@fda.gov,FALSE,Elijah,Parks,,Seattle,30-11-24,30-03-25
mpreisti3,757-178-3364,qpreisti3@guardian.co.uk,TRUE,Asher,Powell,2981 Hagan Avenue,San Francisco,1/12/2024,14-09-25
idevonishc3,,mdevonishc3@mozilla.org,FALSE,Lincoln,Parks,,Seattle,3/12/2024,13-03-25
lilem91,100-246-0463,dilem91@stumbleupon.com,TRUE,David,Hoffman,392 North Trail,Austin,9/12/2024,22-11-25
kmattussevich9v,592-392-9290,bmattussevich9v@live.com,TRUE,Matthew,Barker,66 Bluejay Lane,Austin,15-12-24,22-10-25
pbrumbye18,656-108-4995,gbrumbye18@weebly.com,FALSE,Leah,Bryant,6 Summit Parkway,San Francisco,18-12-24,2/7/2025
dcordoba4p,881-193-8490,gcordoba4p@csmonitor.com,TRUE,Aaron,Johnston,36149 Anhalt Junction,New York,23-12-24,21-02-25
ychaytor7i,471-908-5471,vchaytor7i@harvard.edu,TRUE,Kayden,Tate,520 Springview Junction,Austin,23-12-24,12/7/2025
bmemmory88,382-663-2840,dmemmory88@purevolume.com,FALSE,Cristian,Yates,031 Westerfield Lane,Charleston,2/1/2025,30-10-25
vmcwilliam9t,559-424-9707,gmcwilliam9t@imdb.com,TRUE,Jackson,Chambers,02 Eagan Road,Boston,19-01-25,29-08-25
sbolzmannfc,811-801-6550,tbennionfc@census.gov,TRUE,Ethan,Estes,13819 Hollow Ridge Street,Bend,19-01-25,22-02-25
vblofield6s,171-363-8859,fblofield6s@fc2.com,TRUE,Miles,Jacobs,0 Dovetail Trail,Washington DC,30-01-25,31-08-25
pwhitington4z,853-182-7027,hwhitington4z@springer.com,TRUE,Elias,Allen,32 Lunder Junction,Boston,1/2/2025,10/8/2025
dstroband1j,239-677-0493,hstroband1j@surveymonkey.com,FALSE,Willow,Perry,5476 Old Shore Terrace,Seattle,6/2/2025,15-01-25
pbrolechan25,339-607-6560,abrolechan25@ebay.co.uk,TRUE,Jade,Briggs,6 Moland Trail,San Francisco,14-02-25,2/7/2025
ddrewsonin,437-179-8256,edrewsonin@wufoo.com,FALSE,Nathan,Hoffman,8743 Service Junction,Austin,14-02-25,26-11-24
lwindross9u,673-680-6606,ewindross9u@rambler.ru,TRUE,Isaiah,Lyons,0 Spaight Center,Austin,16-02-25,12/2/2025
bnorville5g,599-251-4111,jnorville5g@businessinsider.com,TRUE,Ayden,Monroe,116 Kipling Place,Charlotte,2/3/2025,18-03-25
mdonegandx,249-879-6268,sdonegandx@vistaprint.com,TRUE,Andrew,Barrett,108 Starling Alley,Washington DC,5/3/2025,23-03-25
mjakaway6o,144-469-6652,rjakaway6o@msn.com,TRUE,Emmett,Riley,00 Mcbride Terrace,Austin,7/3/2025,15-02-25
gyansonsi8,688-573-3571,cyansonsi8@dyndns.org,TRUE,Isaac,Barnes,2 Talmadge Lane,New York,10/3/2025,29-03-25
icrocroft23,183-794-1082,rcrocroft23@army.mil,FALSE,Paisley,Griffin,2 Montana Pass,San Francisco,20-03-25,17-12-24
gjordansonig,,pjordansonig@de.vu,FALSE,Caleb,Peters,9086 Victoria Terrace,Boston,20-03-25,23-02-25
jmargetts41,443-217-3131,emargetts41@drupal.org,TRUE,Asher,Peters,135 Lakewood Alley,Boston,23-03-25,20-01-25
racedod7,140-212-2578,pacedod7@vkontakte.ru,TRUE,Axel,Carter,,San Francisco,24-03-25,15-05-25
csnalham38,,msnalham38@admin.ch,TRUE,Cassidy,Herring,,Atlanta,27-03-25,19-01-25
bnewellbw,451-112-9061,bnewellbw@google.ru,FALSE,Levi,Briggs,6 Reinke Trail,New York,4/4/2025,6/7/2025
kmountney90,924-204-5178,mmountney90@joomla.org,TRUE,Eli,Lane,4928 Jenifer Circle,Austin,18-04-25,24-03-25
ttoopeda,652-155-1513,btoopeda@pbs.org,FALSE,Caden,Powell,800 Sauthoff Plaza,San Francisco,18-04-25,17-04-25
eyveng6,625-917-8341,syveng6@msu.edu,FALSE,Liam,Stone,0 Parkside Alley,Austin,19-04-25,12/5/2025
pdunnettcx,887-239-0286,adunnettcx@independent.co.uk,TRUE,Damian,French,834 Sauthoff Center,Burlington,22-04-25,13-07-25
goliviem,462-108-1955,uoliviem@networkadvertising.org,FALSE,Isaac,Chambers,20464 Esch Hill,Boston,15-05-25,25-05-25
phenriedu,268-544-8773,nhenriedu@craigslist.org,FALSE,David,Hoffman,8 Knutson Way,Austin,21-05-25,26-08-25
mgouldbourn65,651-271-2837,igouldbourn65@yahoo.co.jp,TRUE,Leo,Bryant,7 Kings Place,New York,23-05-25,20-04-25
ecrothersfg,981-836-9314,scrothersfg@chronoengine.com,TRUE,Lucas,Sanford,6 Pennsylvania Road,Des Moines,8/6/2025,19-10-25
rvizeft,290-439-1669,mvizeft@wp.com,TRUE,Lucas,Hayes,,New York,10/6/2025,29-05-25
pbrackstoneho,651-294-7201,jbrackstoneho@sbwire.com,TRUE,Lucas,Stuart,996 Commercial Plaza,Dallas,11/6/2025,16-11-25
ehoggandm,603-493-1100,nhoggandm@cbc.ca,TRUE,Eli,Porter,,Boston,21-06-25,9/10/2025
acandeyeu,194-738-0665,rcandeyeu@dailymotion.com,FALSE,Samuel,Cross,2962 Miller Junction,Washington DC,28-06-25,26-10-25
emckeeversfk,467-277-3197,jmckeeversfk@latimes.com,TRUE,Alexander,Henson,131 Dahle Terrace,Spokane,1/7/2025,24-03-25
svedyashkin8k,763-666-4452,jvedyashkin8k@phoca.cz,FALSE,Declan,Rivera,88216 Debs Hill,New York,9/7/2025,2/8/2025
bbullan6q,659-342-5901,tbullan6q@google.com,TRUE,Elias,Barrett,47 Gateway Alley,Washington DC,11/7/2025,5/8/2025
ddownham56,429-417-2905,kdownham56@wsj.com,TRUE,Roman,Berry,7 Debs Place,Washington DC,20-07-25,17-11-25
uaddicoted5,872-536-5699,eaddicoted5@washingtonpost.com,TRUE,Leo,McKnight,06732 Bowman Lane,Richmond,20-07-25,14-12-24
epetworth9a,942-259-5692,wpetworth9a@chronoengine.com,TRUE,Elias,Shelton,4 Fair Oaks Road,San Francisco,29-07-25,12/2/2025
pryriej5,348-704-8839,mryriej5@tinyurl.com,FALSE,Michael,Madden,4998 Fairview Drive,New York,30-07-25,20-10-25
krowen1l,730-113-8773,krowen1l@ask.com,FALSE,Kinsley,Jenkins,,Seattle,2/8/2025,25-01-25
warnholdtdr,971-233-2610,harnholdtdr@123-reg.co.uk,TRUE,Michael,Stone,2 Anderson Hill,Austin,2/8/2025,1/10/2025
fgeldeford81,,mgeldeford81@sitemeter.com,FALSE,Ezekiel,Vaughn,36 Crescent Oaks Circle,Atlanta,3/8/2025,21-01-25
bkingsmillie,993-216-8685,jkingsmillie@etsy.com,FALSE,Mason,Wallace,13 Hauk Place,Seattle,3/8/2025,17-11-25
atrytsmancd,249-161-6323,rtrytsmancd@163.com,TRUE,Isaiah,Armstrong,89732 Prairie Rose Circle,Austin,10/8/2025,7/2/2025
twalenta48,659-366-7502,lwalenta48@sbwire.com,TRUE,Eli,Hoffman,9 Mockingbird Place,Austin,11/8/2025,12/10/2025
ajapp4s,488-612-5206,sjapp4s@cbc.ca,FALSE,Ezra,Pope,56 Algoma Trail,Seattle,28-08-25,25-01-25
dvampouille3v,670-247-0609,gvampouille3v@scientificamerican.com,TRUE,Michael,Ford,7 Blaine Lane,Seattle,2/9/2025,13-09-25
rocahsedym,649-401-7779,aocahsedym@sohu.com,TRUE,Scarlett,Powell,43 Bultman Hill,Seattle,3/9/2025,9/10/2025
kbrumhame2,420-508-0663,ibrumhame2@walmart.com,FALSE,Liam,Brady,958 Bashford Plaza,San Jose,3/9/2025,26-08-25
kwhiskerd1y,909-386-0795,agrayer1y@answers.com,FALSE,Madeline,Shelton,4245 Bunker Hill Street,Washington DC,6/9/2025,27-07-25
vfacey98,151-738-4761,cetteridge98@instagram.com,TRUE,Dominic,Burke,90 Myrtle Way,San Jose,6/9/2025,2/6/2025
gworsom3y,958-850-1858,lworsom3y@wufoo.com,TRUE,Lucas,Sullivan,11872 Graedel Way,Seattle,16-09-25,23-05-25
lbiaggioli77,351-616-8530,kgaveltone77@ovh.net,TRUE,Sawyer,Pope,53996 Mayfield Circle,Seattle,23-09-25,7/12/2024
ufontelcb,344-729-9935,tfontelcb@buzzfeed.com,TRUE,Hunter,Tate,813 Anniversary Lane,Austin,30-09-25,9/9/2025
koverellga,502-100-4723,ioverellga@google.co.uk,FALSE,Mason,Riley,588 Loftsgordon Junction,Austin,4/10/2025,17-02-25
gnance3p,,knance3p@guardian.co.uk,TRUE,Mateo,Foster,0 Hermina Avenue,San Francisco,21-10-25,29-04-25
clindemann4v,186-591-9723,dlindemann4v@yale.edu,FALSE,Ian,Parks,7629 Aberg Court,Seattle,21-10-25,18-08-25
pdundonbz,308-997-5450,cdundonbz@mac.com,FALSE,Jayden,McCarthy,4029 Susan Lane,Seattle,27-10-25,1/5/2025
drossonbl,,arossonbl@livejournal.com,TRUE,Henry,Jacobs,3330 Schurz Hill,Washington DC,28-10-25,13-01-25
ggrugerr8r,699-118-9234,bpostill8r@themeforest.net,TRUE,Leo,Sullivan,22602 Novick Avenue,Seattle,7/11/2025,3/2/2025
mhendrickxbm,,bhendrickxbm@com.com,TRUE,William,Baldwin,136 Butternut Pass,Washington DC,8/11/2025,7/9/2025
iboate5b,750-103-2228,gboate5b@hp.com,TRUE,Xavier,Baxter,64 Shoshone Trail,San Jose,9/11/2025,28-01-25
hstampr,315-175-4523,mstampr@census.gov,TRUE,Penelope,Adams,82 Burning Wood Street,Boston,11/11/2025,4/6/2025
tspurryeraj,212-282-4093,lspurryeraj@imdb.com,FALSE,Alexander,Estes,82 Pawling Lane,Bend,19-11-25,21-09-25
eosburni2,309-606-3355,cosburni2@go.com,TRUE,Leo,Brooks,4 Shasta Trail,San Francisco,20-11-25,18-09-25
