e_id,position,salary,start_date,end_date,perf_score,status,,,,,,
41376655,warehouse associate,55800,2013-04-14,2014-04-14,66,active,,,,,,
41376655,,,2013-04-29,2013-05-02,,sick leave,,,,,,
41376655,warehouse associate,60822,2014-04-14,2015-04-14,68,active,,,,,,
41376655,,,2015-02-10,2015-02-27,,paid leave,,,,,,
41376655,,,2015-03-26,2015-04-06,,paid leave,,,,,,
41376655,warehouse associate,69337.08,2015-04-14,2016-04-13,72,active,,,,,,
41376655,logistics specialist,75577.4172,2016-04-13,2017-04-13,62,active,,,,,,
41376655,,,2016-08-10,2016-08-10,,sick leave,,,,,,
41376655,logistics specialist,80112.06223,2017-04-13,2018-04-13,61,active,,,,,,
41376655,logistics specialist,87322.14783,2018-04-13,2019-04-13,67,active,,,,,,
41376655,transportation manager,96054.36262,2019-04-13,2020-04-12,71,active,,,,,,
41376655,transportation manager,105000,2020-04-12,2021-04-12,77,active,,,,,,
41376655,transportation manager,105000,2021-04-12,2022-04-12,60,active,,,,,,
41376655,transportation supervisor,105000,2022-04-12,2023-04-12,57,active,,,,,,
41376655,,,2022-04-25,2022-04-29,,sick leave,,,,,,
41376655,transportation supervisor,105000,2023-04-12,2024-04-11,50,active,,,,,,
41376655,,,2024-01-16,2024-03-28,,FMLA,,,,,,
41378877,director of pr,80300,2013-04-14,2014-04-14,82,active,,,,,,
41378877,,,2013-12-05,2013-12-07,,sick leave,,,,,,
41378877,director of pr,88330,2014-04-14,2015-04-14,74,active,,,,,,
41378877,,,2015-01-21,2015-02-27,,unpaid personal leave,,,,,,
41378877,director of pr,100696.2,2015-04-14,2016-04-13,91,active,,,,,,
41378877,,,2015-11-16,2015-11-25,,paid leave,,,,,,
41378877,director of pr,105731.01,2016-04-13,2017-04-13,57,active,,,,,,
41378877,director of pr,118418.7312,2017-04-13,2018-04-13,78,active,,,,,,
41378877,,,2017-07-01,2017-07-15,,paid leave,,,,,,
41378877,director of pr,125523.8551,2018-04-13,2019-04-13,65,active,,,,,,
41378877,,,2018-06-04,2018-06-16,,paid leave,,,,,,
41378877,,,2019-02-16,2019-02-18,,sick leave,,,,,,
41378877,director of pr,136821.002,2019-04-13,2020-04-12,86,active,,,,,,
41378877,,,2019-06-01,2019-06-01,,sick leave,,,,,,
41378877,director of pr,149134.8922,2020-04-12,2021-04-12,90,active,,,,,,
41378877,director of pr,171505.126,2021-04-12,2022-04-12,95,active,,,,,,
41378877,director of pr,192085.7412,2022-04-12,2023-04-12,95,active,,,,,,
41378877,director of pr,220898.6023,2023-04-12,2024-04-11,95,active,,,,,,
41378877,director of pr,236361.5045,2024-04-11,2025-04-11,95,active,,,,,,
41651199,network technician,99100,2014-01-20,2015-01-20,95,active,,,,,,
41651199,network technician,110992,2015-01-20,2016-01-20,92,active,,,,,,
41651199,,,2015-05-19,2015-06-01,,paid leave,,,,,,
41651199,network technician,123201.12,2016-01-20,2017-01-19,84,active,,,,,,
41651199,network administrator,133057.2096,2017-01-19,2018-01-19,75,active,,,,,,
41651199,,,2017-02-23,2017-03-13,,paid leave,,,,,,
41651199,network administrator,146362.9306,2018-01-19,2019-01-19,89,active,,,,,,
41651199,network administrator,159535.5943,2019-01-19,2020-01-19,79,active,,,,,,
41651199,,,2019-07-19,2019-07-20,,sick leave,,,,,,
41651199,network administrator,170703.0859,2020-01-19,2021-01-18,83,active,,,,,,
41651199,,,2020-06-09,2020-06-09,,sick leave,,,,,,
41651199,senior network engineer,180000,2021-01-18,2022-01-18,80,active,,,,,,
41651199,senior network engineer,180000,2022-01-18,2023-01-18,56,active,,,,,,
41651199,senior network engineer,180000,2023-01-18,2024-01-18,54,active,,,,,,
41651199,,,2023-12-09,2023-12-09,,sick leave,,,,,,
41651199,CIO,180000,2024-01-18,2025-01-17,53,active,,,,,,
41651199,,,2024-05-13,2024-05-22,,paid leave,,,,,,
41651199,,,2024-06-02,2024-06-03,,sick leave,,,,,,
41651199,,,2024-07-22,2024-07-25,,sick leave,,,,,,
41651199,CIO,180000,2025-01-17,2026-01-17,50,active,,,,,,
41655533,restoration assistant,102800,2014-01-20,2015-01-20,95,active,,,,,,
41655533,restoration assistant,108968,2015-01-20,2016-01-20,67,active,,,,,,
41655533,process coordinator,118775.12,2016-01-20,2017-01-19,81,active,,,,,,
41655533,process coordinator,134215.8856,2017-01-19,2018-01-19,85,active,,,,,,
41655533,,,2017-02-04,2017-02-04,,sick leave,,,,,,
41655533,,,2017-07-04,2017-07-21,,paid leave,,,,,,
41655533,,,2017-11-05,2017-11-05,,sick leave,,,,,,
41655533,,,2017-12-20,2017-12-22,,sick leave,,,,,,
41655533,process coordinator,154348.2684,2018-01-19,2019-01-19,95,active,,,,,,
41655533,,,2018-03-31,2018-04-04,,bereavement leave,,,,,,
41655533,,,2018-12-12,2018-12-27,,paid leave,,,,,,
41655533,process coordinator,175957.026,2019-01-19,2020-01-19,95,active,,,,,,
41655533,process improvement analyst,180000,2020-01-19,2021-01-18,64,active,,,,,,
41655533,,,2020-06-04,2020-06-06,,sick leave,,,,,,
41655533,,,2020-12-13,2020-12-16,,sick leave,,,,,,
41655533,process improvement analyst,180000,2021-01-18,2022-01-18,53,active,,,,,,
41655533,process improvement analyst,180000,2022-01-18,2023-01-18,53,active,,,,,,
41655533,process improvement analyst,180000,2023-01-18,2024-01-18,55,active,,,,,,
41655533,process improvement analyst,180000,2024-01-18,2025-01-17,53,active,,,,,,
41655533,process improvement analyst,180000,2025-01-17,2026-01-17,55,active,,,,,,
41944560,developer intern,48500,2014-11-05,2015-11-05,54,active,,,,,,
41944560,,,2014-12-31,2014-12-31,,sick leave,,,,,,
41944560,,,2015-01-02,2015-03-05,,sabbatical,,,,,,
41944560,junior developer,55290,2015-11-05,2016-11-04,66,active,,,,,,
41944560,junior developer,63030.6,2016-11-04,2017-11-04,73,active,,,,,,
41944560,junior developer,69963.966,2017-11-04,2018-11-04,60,active,,,,,,
41944560,database engineer,80458.5609,2018-11-04,2019-11-04,74,active,,,,,,
41944560,database engineer,84481.48895,2019-11-04,2020-11-03,53,active,,,,,,
41944560,,,2020-02-24,2020-03-10,,paid leave,,,,,,
41944560,database engineer,90395.19317,2020-11-03,2021-11-03,66,active,,,,,,
41944560,,,2021-08-28,2021-09-15,,paid leave,,,,,,
41944560,database engineer,95000,2021-11-03,2022-11-03,71,active,,,,,,
41944560,,,2022-07-31,2022-08-03,,sick leave,,,,,,
41944560,database engineer,95000,2022-11-03,2023-11-03,60,active,,,,,,
41944560,,,2023-07-13,2023-07-14,,sick leave,,,,,,
41944560,database engineer,95000,2023-11-03,2024-11-02,59,active,,,,,,
41944560,,,2023-12-05,2023-12-08,,sick leave,,,,,,
41944560,database engineer,95000,2024-11-02,2025-11-02,60,active,,,,,,
41944560,,,2025-01-22,2025-01-23,,sick leave,,,,,,
41944560,database engineer,95000,2025-11-02,2026-11-02,53,active,,,,,,
41993210,compliance analyst,99200,2014-12-18,2015-12-18,95,active,,,,,,
41993210,,,2015-04-20,2015-06-01,,sabbatical,,,,,,
41993210,,,2015-10-20,2015-10-24,,sick leave,,,,,,
41993210,compliance analyst,107136,2015-12-18,2016-12-17,74,active,,,,,,
41993210,,,2016-06-20,2016-06-22,,sick leave,,,,,,
41993210,,,2016-11-02,2016-11-19,,paid leave,,,,,,
41993210,compliance analyst,117849.6,2016-12-17,2017-12-17,89,active,,,,,,
41993210,,,2017-09-19,2017-09-21,,sick leave,,,,,,
41993210,compliance analyst,130813.056,2017-12-17,2018-12-17,80,active,,,,,,
41993210,,,2018-03-05,2018-03-09,,sick leave,,,,,,
41993210,compliance analyst,139969.9699,2018-12-17,2019-12-17,69,active,,,,,,
41993210,compliance analyst,155366.6666,2019-12-17,2020-12-16,90,active,,,,,,
41993210,legal associate,164688.6666,2020-12-16,2021-12-16,79,active,,,,,,
41993210,legal associate,176000,2021-12-16,2022-12-16,79,active,,,,,,
41993210,,,2021-12-17,2021-12-28,,paid leave,,,,,,
41993210,legal associate,176000,2022-12-16,2023-12-16,54,active,,,,,,
41993210,,,2023-03-17,2023-03-30,,paid leave,,,,,,
41993210,legal associate,176000,2023-12-16,2024-12-15,60,active,,,,,,
41993210,legal associate,176000,2024-12-15,2025-12-15,55,active,,,,,,
41993210,,,2025-08-31,2025-09-02,,sick leave,,,,,,
42085670,tester,51700,2015-03-22,2016-03-21,63,active,,,,,,
42085670,tester,56870,2016-03-21,2017-03-21,61,active,,,,,,
42085670,tester,63694.4,2017-03-21,2018-03-21,67,active,,,,,,
42085670,,,2017-05-25,2017-06-11,,paid leave,,,,,,
42085670,tester,68789.952,2018-03-21,2019-03-21,62,active,,,,,,
42085670,,,2018-08-27,2018-08-31,,sick leave,,,,,,
42085670,tester,77044.74624,2019-03-21,2020-03-20,67,active,,,,,,
42085670,,,2019-12-16,2019-12-17,,sick leave,,,,,,
42085670,analyst,87060.56325,2020-03-20,2021-03-20,72,active,,,,,,
42085670,analyst,92000,2021-03-20,2022-03-20,67,active,,,,,,
42085670,,,2021-07-06,2021-07-10,,sick leave,,,,,,
42085670,analyst,92000,2022-03-20,2023-03-20,60,active,,,,,,
42085670,,,2022-12-26,2023-01-14,,paid leave,,,,,,
42085670,analyst,92000,2023-03-20,2024-03-19,50,active,,,,,,
42085670,qa engineer,92000,2024-03-19,2025-03-19,59,active,,,,,,
42085670,qa engineer,92000,2025-03-19,2026-03-19,50,active,,,,,,
42127654,junior front-end developer,99100,2015-04-26,2016-04-25,95,active,,,,,,
42127654,,,2015-06-01,2015-06-02,,sick leave,,,,,,
42127654,,,2015-10-12,2015-10-12,,sick leave,,,,,,
42127654,,,2016-02-21,2016-03-06,,paid leave,,,,,,
42127654,junior front-end developer,111983,2016-04-25,2017-04-25,94,active,,,,,,
42127654,junior front-end developer,123181.3,2017-04-25,2018-04-25,88,active,,,,,,
42127654,front-end developer,133035.804,2018-04-25,2019-04-25,69,active,,,,,,
42127654,,,2018-05-27,2018-06-08,,paid leave,,,,,,
42127654,,,2019-02-20,2019-02-24,,sick leave,,,,,,
42127654,front-end developer,142348.3103,2019-04-25,2020-04-24,77,active,,,,,,
42127654,front-end developer,162277.0737,2020-04-24,2021-04-24,95,active,,,,,,
42127654,front-end developer,172000,2021-04-24,2022-04-24,77,active,,,,,,
42127654,front-end developer,172000,2022-04-24,2023-04-24,54,active,,,,,,
42127654,,,2022-06-24,2022-07-11,,paid leave,,,,,,
42127654,senior front-end engineer,172000,2023-04-24,2024-04-23,55,active,,,,,,
42127654,,,2023-08-23,2023-08-23,,sick leave,,,,,,
42127654,senior front-end engineer,172000,2024-04-23,2025-04-23,52,active,,,,,,
42127654,senior front-end engineer,172000,2025-04-23,2026-04-23,56,active,,,,,,
42127654,,,2025-12-27,2025-12-29,,sick leave,,,,,,
42143344,HR assistant,112700,2015-05-18,2016-05-17,95,active,,,,,,
42143344,,,2015-12-10,2015-12-10,,sick leave,,,,,,
42143344,HR assistant,128478,2016-05-17,2017-05-17,95,active,,,,,,
42143344,,,2016-07-05,2016-07-06,,sick leave,,,,,,
42143344,,,2016-09-21,2016-09-23,,sick leave,,,,,,
42143344,hr generalist,145180.14,2017-05-17,2018-05-17,95,active,,,,,,
42143344,hr generalist,165505.3596,2018-05-17,2019-05-17,95,active,,,,,,
42143344,,,2019-02-15,2019-05-05,,parental leave,,,,,,
42143344,hr generalist,173780.6276,2019-05-17,2020-05-16,69,active,,,,,,
42143344,hr specialist,190000,2020-05-16,2021-05-16,90,active,,,,,,
42143344,,,2020-12-18,2020-12-21,,sick leave,,,,,,
42143344,hr specialist,190000,2021-05-16,2022-05-16,56,active,,,,,,
42143344,hr specialist,190000,2022-05-16,2023-05-16,55,active,,,,,,
42143344,,,2022-06-12,2022-06-15,,sick leave,,,,,,
42143344,,,2022-12-10,2022-12-22,,paid leave,,,,,,
42143344,hr specialist,190000,2023-05-16,2024-05-15,56,active,,,,,,
42143344,senior hr manager,190000,2024-05-15,2025-05-15,59,active,,,,,,
42143344,,,2025-01-12,2025-01-30,,paid leave,,,,,,
42143344,senior hr manager,190000,2025-05-15,2026-05-15,59,active,,,,,,
42191122,security analyst,90300,2015-07-12,2016-07-11,93,active,,,,,,
42191122,,,2016-01-27,2016-03-18,,FMLA,,,,,,
42191122,security analyst,94815,2016-07-11,2017-07-11,65,active,,,,,,
42191122,,,2016-08-05,2016-08-22,,paid leave,,,,,,
42191122,,,2017-02-22,2017-03-06,,paid leave,,,,,,
42191122,security analyst,102400.2,2017-07-11,2018-07-11,75,active,,,,,,
42191122,security analyst,114688.224,2018-07-11,2019-07-11,79,active,,,,,,
42191122,,,2018-10-04,2018-10-04,,sick leave,,,,,,
42191122,security engineer,128450.8109,2019-07-11,2020-07-10,89,active,,,,,,
42191122,security engineer,142580.4001,2020-07-10,2021-07-10,87,active,,,,,,
42191122,security engineer,154000,2021-07-10,2022-07-10,80,active,,,,,,
42191122,,,2021-08-09,2021-08-10,,sick leave,,,,,,
42191122,security engineer,154000,2022-07-10,2023-07-10,55,active,,,,,,
42191122,,,2023-03-13,2023-03-16,,sick leave,,,,,,
42191122,security engineer,154000,2023-07-10,2024-07-09,54,active,,,,,,
42191122,,,2023-07-17,2023-08-05,,paid leave,,,,,,
42191122,senior security engineer,154000,2024-07-09,2025-07-09,53,active,,,,,,
42191122,senior security engineer,154000,2025-07-09,2026-07-09,50,active,,,,,,
42223311,recruiting coordinator,100300,2015-08-07,2016-08-06,91,active,,,,,,
42223311,,,2016-01-14,2016-01-18,,sick leave,,,,,,
42223311,,,2016-05-29,2016-06-10,,paid leave,,,,,,
42223311,recruiting coordinator,110330,2016-08-06,2017-08-06,80,active,,,,,,
42223311,,,2016-11-09,2016-11-13,,sick leave,,,,,,
42223311,talent acquisition specialist,126879.5,2017-08-06,2018-08-06,95,active,,,,,,
42223311,,,2017-09-04,2017-09-08,,sick leave,,,,,,
42223311,talent acquisition specialist,144642.63,2018-08-06,2019-08-06,92,active,,,,,,
42223311,,,2019-01-04,2019-01-15,,paid leave,,,,,,
42223311,talent acquisition specialist,161999.7456,2019-08-06,2020-08-05,95,active,,,,,,
42223311,senior recruiter,178199.7202,2020-08-05,2021-08-05,85,active,,,,,,
42223311,senior recruiter,199583.6866,2021-08-05,2022-08-05,95,active,,,,,,
42223311,senior recruiter,200000,2022-08-05,2023-08-05,51,active,,,,,,
42223311,,,2023-04-19,2023-04-19,,sick leave,,,,,,
42223311,hr analytics,200000,2023-08-05,2024-08-04,52,active,,,,,,
42223311,hr analytics,200000,2024-08-04,2025-08-04,56,active,,,,,,
42223311,,,2024-09-07,2024-11-09,,parental leave,,,,,,
42223311,hr analytics,200000,2025-08-04,2026-08-04,53,active,,,,,,
42223311,,,2026-04-10,2026-04-27,,paid leave,,,,,,
42224321,software engineer,72900,2015-08-07,2016-08-06,73,active,,,,,,
42224321,software engineer,76545,2016-08-06,2017-08-06,58,active,,,,,,
42224321,software engineer,81137.7,2017-08-06,2018-08-06,66,active,,,,,,
42224321,,,2018-01-06,2018-04-21,,parental leave,,,,,,
42224321,software engineer,88440.093,2018-08-06,2019-08-06,67,active,,,,,,
42224321,,,2018-12-19,2018-12-21,,sick leave,,,,,,
42224321,,,2019-07-14,2019-07-16,,sick leave,,,,,,
42224321,software engineer,97284.1023,2019-08-06,2020-08-05,75,active,,,,,,
42224321,software engineer,111876.7176,2020-08-05,2021-08-05,87,active,,,,,,
42224321,software engineer,120826.8551,2021-08-05,2022-08-05,81,active,,,,,,
42224321,software engineer,132000,2022-08-05,2023-08-05,83,active,,,,,,
42224321,software engineer,132000,2023-08-05,2024-08-04,56,active,,,,,,
42224321,,,2024-01-13,2024-01-17,,sick leave,,,,,,
42224321,software engineer,132000,2024-08-04,2025-08-04,59,active,,,,,,
42224321,,,2024-09-14,2024-09-23,,paid leave,,,,,,
42224321,,,2025-06-04,2025-06-16,,paid leave,,,,,,
42224321,software engineer,132000,2025-08-04,2026-08-04,50,active,,,,,,
42224321,,,2026-05-29,2026-06-01,,sick leave,,,,,,
42225432,tester,93000,2015-08-07,2016-08-06,84,active,,,,,,
42225432,tester,104160,2016-08-06,2017-08-06,84,active,,,,,,
42225432,tester,,2016-09-12,2016-09-30,,paid leave,,,,,,
42225432,tester,116659.2,2017-08-06,2018-08-06,88,active,,,,,,
42225432,tester,,2018-01-31,2018-02-02,,sick leave,,,,,,
42225432,analyst,,2018-03-18,2018-03-20,,sick leave,,,,,,
42225432,analyst,134158.08,2018-08-06,2019-08-06,94,active,,,,,,
42225432,analyst,,2019-02-11,2019-02-11,,sick leave,,,,,,
42225432,analyst,,2019-04-22,2019-05-09,,paid leave,,,,,,
42225432,qa engineer,151598.6304,2019-08-06,2020-08-05,95,active,,,,,,
42225432,qa engineer,,2020-06-14,2020-06-18,,sick leave,,,,,,
42225432,qa engineer,162000,2020-08-05,2021-08-05,80,active,,,,,,
42225432,qa engineer,162000,2021-08-05,2022-08-05,56,active,,,,,,
42225432,qa engineer,162000,2022-08-05,2023-08-05,55,active,,,,,,
42225432,,,2023-06-19,2023-06-28,,paid leave,,,,,,
42225432,director of quality,162000,2023-08-05,2024-08-04,56,active,,,,,,
42225432,director of quality,162000,2024-08-04,2025-08-04,55,active,,,,,,
42225432,director of quality,162000,2025-08-04,2026-08-04,53,active,,,,,,
42225566,communications coordinator,103400,2015-08-10,2016-08-09,94,active,,,,,,
42225566,,,2015-08-11,2015-08-17,,bereavement leave,,,,,,
42225566,,,2015-09-26,2015-09-28,,sick leave,,,,,,
42225566,communications coordinator,118910,2016-08-09,2017-08-09,95,active,,,,,,
42225566,,,2016-10-02,2016-10-15,,paid leave,,,,,,
42225566,,,2016-10-16,2016-11-04,,paid leave,,,,,,
42225566,communications coordinator,131990.1,2017-08-09,2018-08-09,95,active,,,,,,
42225566,,,2017-12-26,2017-12-30,,sick leave,,,,,,
42225566,communications coordinator,147828.912,2018-08-09,2019-08-09,94,active,,,,,,
42225566,,,2019-07-26,2019-07-28,,sick leave,,,,,,
42225566,communications executive,159655.225,2019-08-09,2020-08-08,77,active,,,,,,
42225566,communications executive,175000,2020-08-08,2021-08-08,92,active,,,,,,
42225566,communications executive,175000,2021-08-08,2022-08-08,50,active,,,,,,
42225566,communications executive,175000,2022-08-08,2023-08-08,54,active,,,,,,
42225566,communications executive,175000,2023-08-08,2024-08-07,54,active,,,,,,
42225566,,,2024-04-14,2024-04-16,,sick leave,,,,,,
42225566,vp communicaitons,175000,2024-08-07,2025-08-07,56,active,,,,,,
42225566,,,2024-11-22,2024-11-24,,sick leave,,,,,,
42225566,vp communicaitons,175000,2025-08-07,2026-08-07,55,active,,,,,,
42228900,call center agent,96600,2015-08-07,2016-08-06,82,active,,,,,,
42228900,,,2015-10-03,2015-10-20,,paid leave,,,,,,
42228900,,,2016-01-11,2016-01-12,,sick leave,,,,,,
42228900,,,2016-02-06,2016-04-23,,sabbatical,,,,,,
42228900,call center agent,109158,2016-08-06,2017-08-06,95,active,,,,,,
42228900,call center agent,125531.7,2017-08-06,2018-08-06,95,active,,,,,,
42228900,,,2018-03-14,2018-03-18,,sick leave,,,,,,
42228900,,,2018-05-12,2018-05-22,,paid leave,,,,,,
42228900,support associate,143106.138,2018-08-06,2019-08-06,92,active,,,,,,
42228900,support associate,158847.8132,2019-08-06,2020-08-05,86,active,,,,,,
42228900,support associate,168000,2020-08-05,2021-08-05,67,active,,,,,,
42228900,,,2021-05-30,2021-05-30,,sick leave,,,,,,
42228900,support associate,168000,2021-08-05,2022-08-05,51,active,,,,,,
42228900,support associate,168000,2022-08-05,2023-08-05,54,active,,,,,,
42228900,customer service supervisor,168000,2023-08-05,2024-08-04,58,active,,,,,,
42228900,,,2024-03-10,2024-03-26,,paid leave,,,,,,
42228900,customer service supervisor,168000,2024-08-04,2025-08-04,51,active,,,,,,
42228900,customer service supervisor,168000,2025-08-04,2026-08-04,50,active,,,,,,
42286789,call center agent,89200,2015-10-03,2016-10-02,79,active,,,,,,
42286789,call center agent,,2016-01-09,2016-02-19,,FMLA,,,,,,
42286789,call center agent,97228,2016-10-02,2017-10-02,78,active,,,,,,
42286789,support associate,106950.8,2017-10-02,2018-10-02,76,active,,,,,,
42286789,support associate,118715.388,2018-10-02,2019-10-02,81,active,,,,,,
42286789,support associate,,2018-12-24,2019-01-04,,paid leave,,,,,,
42286789,support associate,,2019-01-12,2019-01-15,,sick leave,,,,,,
42286789,support associate,124651.1574,2019-10-02,2020-10-01,62,active,,,,,,
42286789,customer service supervisor,,2019-12-22,2019-12-23,,sick leave,,,,,,
42286789,customer service manager,133376.7384,2020-10-01,2021-10-01,66,active,,,,,,
42286789,customer service supervisor,,2020-12-18,2021-04-10,,parental leave,,,,,,
42286789,,,2021-04-29,2021-04-30,,sick leave,,,,,,
42286789,customer service manager,148048.1796,2021-10-01,2022-10-01,93,active,,,,,,
42286789,,,2021-10-13,2021-10-14,,sick leave,,,,,,
42286789,,,2021-10-20,2021-10-20,,sick leave,,,,,,
42286789,,,2022-08-14,2022-08-31,,paid leave,,,,,,
42286789,customer service manager,158000,2022-10-01,2023-10-01,81,active,,,,,,
42286789,customer service manager,158000,2023-10-01,2024-09-30,54,active,,,,,,
42286789,customer service manager,158000,2024-09-30,2025-09-30,53,active,,,,,,
42286789,customer service manager,158000,2025-09-30,2026-09-30,58,active,,,,,,
42336543,logistics coordinator,72800,2015-11-29,2016-11-28,72,active,,,,,,
42336543,logistics coordinator,80808,2016-11-28,2017-11-28,79,active,,,,,,
42336543,logistics coordinator,84848.4,2017-11-28,2018-11-28,63,active,,,,,,
42336543,transportation planner,95878.692,2018-11-28,2019-11-28,81,active,,,,,,
42336543,,,2019-04-07,2019-06-15,,parental leave,,,,,,
42336543,transportation planner,105466.5612,2019-11-28,2020-11-27,71,active,,,,,,
42336543,,,2019-12-17,2019-12-21,,sick leave,,,,,,
42336543,,,2020-02-27,2020-02-27,,sick leave,,,,,,
42336543,transportation planner,116013.2173,2020-11-27,2021-11-27,72,active,,,,,,
42336543,,,2020-12-11,2020-12-28,,paid leave,,,,,,
42336543,,,2021-07-08,2021-07-10,,sick leave,,,,,,
42336543,,,2021-10-21,2021-11-03,,paid leave,,,,,,
42336543,logistics supervisor,132255.0677,2021-11-27,2022-11-27,95,active,,,,,,
42336543,,,2021-11-27,2022-01-24,,unpaid personal leave,,,,,,
42336543,,,2022-11-09,2022-11-26,,paid leave,,,,,,
42336543,logistics supervisor,138000,2022-11-27,2023-11-27,66,active,,,,,,
42336543,logistics supervisor,138000,2023-11-27,2024-11-26,57,active,,,,,,
42336543,logistics supervisor,138000,2024-11-26,2025-11-26,57,active,,,,,,
42336543,,,2025-07-06,2025-07-06,,sick leave,,,,,,
42351012,accounting intern,50800,2015-12-15,2016-12-14,64,active,,,,,,
42351012,,,2016-07-01,2016-07-18,,paid leave,,,,,,
42351012,,,2016-07-19,2016-07-18,,sick leave,,,,,,
42351012,accounting intern,52560.5,2016-12-14,2017-12-14,64,active,,,,,,
42351012,,,2017-05-16,2017-06-04,,paid leave,,,,,,
42351012,,,2017-07-03,2017-07-21,,paid leave,,,,,,
42351012,,,2017-07-22,2017-07-25,,sick leave,,,,,,
42351012,accountant,62570.36,2017-12-14,2018-12-14,60,active,,,,,,
42351012,accountant,70704.5068,2018-12-14,2019-12-14,73,active,,,,,,
42351012,financial analyst,79896.09268,2019-12-14,2020-12-13,71,active,,,,,,
42351012,,,2020-11-19,2020-11-23,,sick leave,,,,,,
42351012,financial analyst,85208,2020-12-13,2021-12-13,55,active,,,,,,
42351012,,,2021-07-07,2021-07-10,,sick leave,,,,,,
42351012,senior accountant,85208,2021-12-13,2022-12-13,51,active,,,,,,
42351012,,,2022-11-18,2022-11-19,,sick leave,,,,,,
42351012,senior finance manager,89735.55,2022-12-13,2023-12-13,60,active,,,,,,
42351012,senior finance manager,89735.55,2023-12-13,2024-12-12,60,active,,,,,,
42351012,,,2024-02-16,2024-02-18,,sick leave,,,,,,
42351012,senior finance manager,91504.3,2024-12-12,2025-12-12,58,active,,,,,,
42351012,,,2025-05-21,2025-06-04,,paid leave,,,,,,
42351234,help desk technician,73400,2015-12-15,2016-12-14,70,active,,,,,,
42351234,,,2016-05-18,2016-06-04,,paid leave,,,,,,
42351234,help desk technician,82208,2016-12-14,2017-12-14,78,active,,,,,,
42351234,help desk technician,93717.12,2017-12-14,2018-12-14,88,active,,,,,,
42351234,,,2018-11-16,2018-11-19,,sick leave,,,,,,
42351234,help desk technician,103088.832,2018-12-14,2019-12-14,77,active,,,,,,
42351234,,,2019-05-21,2019-06-22,,sabbatical,,,,,,
42351234,,,2019-07-22,2019-08-04,,paid leave,,,,,,
42351234,,,2019-09-01,2019-09-04,,sick leave,,,,,,
42351234,it support specialist,109274.1619,2019-12-14,2020-12-13,59,active,,,,,,
42351234,,,2020-07-08,2020-07-26,,paid leave,,,,,,
42351234,,,2020-09-02,2020-09-02,,sick leave,,,,,,
42351234,it support specialist,116923.3533,2020-12-13,2021-12-13,72,active,,,,,,
42351234,it support specialist,123000,2021-12-13,2022-12-13,72,active,,,,,,
42351234,it support specialist,123000,2022-12-13,2023-12-13,51,active,,,,,,
42351234,,,2023-07-27,2023-07-29,,sick leave,,,,,,
42351234,senior support engineer,123000,2023-12-13,2024-12-12,54,active,,,,,,
42351234,senior support engineer,123000,2024-12-12,2025-12-12,52,active,,,,,,
42351234,,,2025-11-12,2025-11-16,,sick leave,,,,,,
42355678,pr assistant,64300,2015-12-15,2016-12-14,67,active,,,,,,
42355678,pr assistant,72016,2016-12-14,2017-12-14,78,active,,,,,,
42355678,,,2017-07-19,2017-09-12,,parental leave,,,,,,
42355678,pr assistant,79217.6,2017-12-14,2018-12-14,73,active,,,,,,
42355678,,,2018-11-14,2018-11-15,,sick leave,,,,,,
42355678,pr specialist,88723.712,2018-12-14,2019-12-14,74,active,,,,,,
42355678,,,2019-12-05,2019-12-09,,sick leave,,,,,,
42355678,pr specialist,96708.84608,2019-12-14,2020-12-13,63,active,,,,,,
42355678,pr specialist,104445.5538,2020-12-13,2021-12-13,72,active,,,,,,
42355678,pr specialist,116979.0202,2021-12-13,2022-12-13,82,active,,,,,,
42355678,,,2022-10-31,2022-11-16,,paid leave,,,,,,
42355678,pr manager,122000,2022-12-13,2023-12-13,71,active,,,,,,
42355678,,,2023-07-05,2023-07-08,,sick leave,,,,,,
42355678,pr manager,122000,2023-12-13,2024-12-12,54,active,,,,,,
42355678,,,2024-08-06,2024-09-13,,FMLA,,,,,,
42355678,pr manager,122000,2024-12-12,2025-12-12,53,active,,,,,,
42355678,,,2025-01-18,2025-02-03,,paid leave,,,,,,
42359870,ui developer,95300,2015-12-13,2016-12-12,83,active,,,,,,
42359870,ui developer,106736,2016-12-12,2017-12-12,91,active,,,,,,
42359870,ui developer,113140.16,2017-12-12,2018-12-12,66,active,,,,,,
42359870,,,2018-08-06,2018-08-22,,paid leave,,,,,,
42359870,UI/UX engineer,125585.5776,2018-12-12,2019-12-12,85,active,,,,,,
42359870,,,2019-02-20,2019-06-17,,parental leave,,,,,,
42359870,UI/UX engineer,140655.8469,2019-12-12,2020-12-11,87,active,,,,,,
42359870,UI/UX engineer,,2020-09-03,2020-09-04,,sick leave,,,,,,
42359870,UI/UX engineer,147688.6393,2020-12-11,2021-12-11,68,active,,,,,,
42359870,,,2021-07-25,2021-07-29,,sick leave,,,,,,
42359870,UI/UX engineer,159503.7304,2021-12-11,2022-12-11,80,active,,,,,,
42359870,design system engineer,169073.9542,2022-12-11,2023-12-11,75,active,,,,,,
42359870,,,2023-03-02,2023-03-06,,sick leave,,,,,,
42359870,,,2023-04-22,2023-04-25,,sick leave,,,,,,
42359870,design system engineer,178000,2023-12-11,2024-12-10,72,active,,,,,,
42359870,,,2024-07-16,2024-07-20,,sick leave,,,,,,
42359870,,,2024-09-22,2024-10-11,,paid leave,,,,,,
42359870,design system engineer,178000,2024-12-10,2025-12-10,53,active,,,,,,
42359876,network technician,92200,2015-12-15,2016-12-14,84,active,,,,,,
42359876,network technician,97732,2016-12-14,2017-12-14,63,active,,,,,,
42359876,network technician,,2017-07-14,2017-07-15,,sick leave,,,,,,
42359876,network technician,107505.2,2017-12-14,2018-12-14,76,active,,,,,,
42359876,network technician,,2018-03-01,2018-03-11,,paid leave,,,,,,
42359876,network technician,119330.772,2018-12-14,2019-12-14,76,active,,,,,,
42359876,,,2019-07-17,2019-07-17,,sick leave,,,,,,
42359876,systems engineer,131263.8492,2019-12-14,2020-12-13,82,active,,,,,,
42359876,systems engineer,147015.5111,2020-12-13,2021-12-13,87,active,,,,,,
42359876,,,2021-09-15,2021-09-29,,paid leave,,,,,,
42359876,systems engineer,155000,2021-12-13,2022-12-13,78,active,,,,,,
42359876,,,2022-03-01,2022-03-13,,paid leave,,,,,,
42359876,systems engineer,155000,2022-12-13,2023-12-13,57,active,,,,,,
42359876,,,2023-07-13,2023-07-16,,sick leave,,,,,,
42359876,systems engineer,155000,2023-12-13,2024-12-12,52,active,,,,,,
42359876,systems engineer,155000,2024-12-12,2025-12-12,54,active,,,,,,
42359876,,,2025-06-24,2025-06-26,,bereavement leave,,,,,,
42359890,call center agent,86200,2015-12-13,2016-12-12,75,active,,,,,,
42359890,call center agent,90510,2016-12-12,2017-12-12,65,active,,,,,,
42359890,call center agent,101371.2,2017-12-12,2018-12-12,84,active,,,,,,
42359890,support associate,,2018-08-08,2018-08-11,,sick leave,,,,,,
42359890,support associate,107453.472,2018-12-12,2019-12-12,62,active,,,,,,
42359890,support associate,,2019-04-30,2019-05-16,,paid leave,,,,,,
42359890,support associate,123571.4928,2019-12-12,2020-12-11,95,active,,,,,,
42359890,support associate,133457.2122,2020-12-11,2021-12-11,68,active,,,,,,
42359890,,,2021-11-18,2021-11-21,,sick leave,,,,,,
42359890,support associate,144133.7892,2021-12-11,2022-12-11,77,active,,,,,,
42359890,,,2022-09-12,2022-09-27,,paid leave,,,,,,
42359890,contact center manager,154223.1544,2022-12-11,2023-12-11,78,active,,,,,,
42359890,,,2022-12-25,2022-12-28,,sick leave,,,,,,
42359890,contact center manager,165000,2023-12-11,2024-12-10,84,active,,,,,,
42359890,,,2023-12-24,2024-02-28,,FMLA,,,,,,
42359890,contact center manager,165000,2024-12-10,2025-12-10,56,active,,,,,,
42359890,,,2025-04-01,2025-04-18,,paid leave,,,,,,
42359977,junior devops engineer,85400,2015-12-13,2016-12-12,80,active,,,,,,
42359977,,,2015-12-28,2016-02-20,,unpaid personal leave,,,,,,
42359977,,,2016-09-14,2016-09-17,,sick leave,,,,,,
42359977,junior devops engineer,97356,2016-12-12,2017-12-12,94,active,,,,,,
42359977,junior devops engineer,106118.04,2017-12-12,2018-12-12,74,active,,,,,,
42359977,,,2018-01-06,2018-01-22,,paid leave,,,,,,
42359977,devops engineer,113546.3028,2018-12-12,2019-12-12,72,active,,,,,,
42359977,devops engineer,121494.544,2019-12-12,2020-12-11,72,active,,,,,,
42359977,,,2020-01-22,2020-01-25,,sick leave,,,,,,
42359977,devops engineer,138503.7802,2020-12-11,2021-12-11,92,active,,,,,,
42359977,,,2021-04-04,2021-04-04,,sick leave,,,,,,
42359977,devops engineer,143000,2021-12-11,2022-12-11,69,active,,,,,,
42359977,,,2022-02-18,2022-03-09,,paid leave,,,,,,
42359977,,,2022-05-02,2022-05-04,,sick leave,,,,,,
42359977,,,2022-05-27,2022-06-09,,paid leave,,,,,,
42359977,senior platform engineer,143000,2022-12-11,2023-12-11,57,active,,,,,,
42359977,,,2023-05-27,2023-05-28,,sick leave,,,,,,
42359977,platform manager,143000,2023-12-11,2024-12-10,52,active,,,,,,
42359977,platform manager,143000,2024-12-10,2025-12-10,57,active,,,,,,
42372341,help desk technician,44400,2016-01-10,2017-01-09,50,active,,,,,,
42372341,help desk technician,47952,2017-01-09,2018-01-09,56,active,,,,,,
42372341,help desk technician,,2017-10-24,2017-11-12,,paid leave,,,,,,
42372341,help desk technician,50349.6,2018-01-09,2019-01-09,55,active,,,,,,
42372341,it support specialist,,2018-09-08,2018-09-20,,paid leave,,,,,,
42372341,it support specialist,56391.552,2019-01-09,2020-01-09,57,active,,,,,,
42372341,it support specialist,63158.53824,2020-01-09,2021-01-08,61,active,,,,,,
42372341,it support specialist,66316.46515,2021-01-08,2022-01-08,56,active,,,,,,
42372341,senior support engineer,,2021-04-03,2021-04-05,,sick leave,,,,,,
42372341,senior support engineer,69632.28841,2022-01-08,2023-01-08,64,active,,,,,,
42372341,senior support engineer,79380.80879,2023-01-08,2024-01-08,81,active,,,,,,
42372341,,,2024-01-01,2024-01-02,,sick leave,,,,,,
42372341,senior support engineer,84143.65731,2024-01-08,2025-01-07,67,active,,,,,,
42372341,senior support engineer,88000,2025-01-07,2026-01-07,69,active,,,,,,
42372341,,,2025-03-06,2025-03-10,,sick leave,,,,,,
42445456,junior back-end developer,84200,2016-03-20,2017-03-20,77,active,,,,,,
42445456,junior back-end developer,,2016-09-13,2016-09-17,,sick leave,,,,,,
42445456,junior back-end developer,92620,2017-03-20,2018-03-20,77,active,,,,,,
42445456,junior back-end developer,,2017-12-04,2018-03-16,,parental leave,,,,,,
42445456,back-end developer,100955.8,2018-03-20,2019-03-20,76,active,,,,,,
42445456,back-end developer,113070.496,2019-03-20,2020-03-19,83,active,,,,,,
42445456,,,2019-05-11,2019-05-11,,sick leave,,,,,,
42445456,back-end developer,130031.0704,2020-03-19,2021-03-19,95,active,,,,,,
42445456,back-end developer,143034.1774,2021-03-19,2022-03-19,84,active,,,,,,
42445456,senior back-end engineer,148000,2022-03-19,2023-03-19,62,active,,,,,,
42445456,,,2022-06-28,2022-07-13,,paid leave,,,,,,
42445456,,,2022-11-24,2022-12-21,,sabbatical,,,,,,
42445456,,,2023-02-20,2023-02-24,,sick leave,,,,,,
42445456,senior back-end engineer,148000,2023-03-19,2024-03-18,50,active,,,,,,
42445456,senior back-end engineer,148000,2024-03-18,2025-03-18,60,active,,,,,,
42445456,senior back-end engineer,148000,2025-03-18,2026-03-18,53,active,,,,,,
42445456,,,2025-05-18,2025-05-20,,sick leave,,,,,,
42445456,,,2026-02-27,2026-03-12,,paid leave,,,,,,
42481098,qa technician,75900,2016-04-22,2017-04-22,69,active,,,,,,
42481098,qa technician,86526,2017-04-22,2018-04-22,83,active,,,,,,
42481098,,,2017-09-11,2017-09-12,,sick leave,,,,,,
42481098,qa technician,96043.86,2018-04-22,2019-04-22,81,active,,,,,,
42481098,,,2018-11-30,2018-12-16,,paid leave,,,,,,
42481098,qa technician,110450.439,2019-04-22,2020-04-21,91,active,,,,,,
42481098,automation engineer,120390.9785,2020-04-21,2021-04-21,77,active,,,,,,
42481098,,,2020-10-03,2020-10-07,,sick leave,,,,,,
42481098,automation engineer,130000,2021-04-21,2022-04-21,71,active,,,,,,
42481098,automation engineer,130000,2022-04-21,2023-04-21,53,active,,,,,,
42481098,automation engineer,130000,2023-04-21,2024-04-20,59,active,,,,,,
42481098,,,2023-11-30,2023-12-03,,sick leave,,,,,,
42481098,qa manager,130000,2024-04-20,2025-04-20,56,active,,,,,,
42481098,,,2025-03-19,2025-03-30,,paid leave,,,,,,
42481098,qa manager,130000,2025-04-20,2026-04-20,55,active,,,,,,
42481098,,,2026-01-20,2026-01-22,,sick leave,,,,,,
42558765,logistics specialist,110500,2016-06-30,2017-06-30,95,active,,,,,,
42558765,logistics specialist,118235,2017-06-30,2018-06-30,77,active,,,,,,
42558765,logistics specialist,126511.45,2018-06-30,2019-06-30,78,active,,,,,,
42558765,warehouse supervisor,139162.595,2019-06-30,2020-06-29,79,active,,,,,,
42558765,warehouse supervisor,155862.1064,2020-06-29,2021-06-29,91,active,,,,,,
42558765,,,2020-12-20,2020-12-22,,sick leave,,,,,,
42558765,warehouse supervisor,173006.9381,2021-06-29,2022-06-29,91,active,,,,,,
42558765,director of logistics,192037.7013,2022-06-29,2023-06-29,95,active,,,,,,
42558765,,,2022-12-18,2023-01-06,,paid leave,,,,,,
42558765,director of logistics,195000,2023-06-29,2024-06-28,62,active,,,,,,
42558765,,,2023-10-15,2023-10-26,,paid leave,,,,,,
42558765,,,2023-12-12,2023-12-21,,paid leave,,,,,,
42558765,chief supply chain officer,195000,2024-06-28,2025-06-28,54,active,,,,,,
42558765,,,2024-07-03,2024-07-05,,sick leave,,,,,,
42558765,chief supply chain officer,195000,2025-06-28,2026-06-28,50,active,,,,,,
42558765,,,2026-06-22,2026-06-24,,sick leave,,,,,,
42622468,junior security specialist,66000,2016-09-14,2017-09-14,61,active,,,,,,
42622468,junior security specialist,71280,2017-09-14,2018-09-14,67,active,,,,,,
42622468,,,2018-02-11,2018-02-11,,sick leave,,,,,,
42622468,junior security specialist,76982.4,2018-09-14,2019-09-14,66,active,,,,,,
42622468,junior security specialist,85450.464,2019-09-14,2020-09-13,70,active,,,,,,
42622468,,,2020-05-14,2020-05-31,,paid leave,,,,,,
42622468,junior security specialist,93141.00576,2020-09-13,2021-09-13,62,active,,,,,,
42622468,,,2021-08-18,2021-08-19,,sick leave,,,,,,
42622468,junior security specialist,105249.3365,2021-09-13,2022-09-13,76,active,,,,,,
42622468,junior security specialist,112000,2022-09-13,2023-09-13,71,active,,,,,,
42622468,,,2023-03-01,2023-06-11,,parental leave,,,,,,
42622468,,,2023-09-02,2023-09-03,,sick leave,,,,,,
42622468,junior security specialist,112000,2023-09-13,2024-09-12,52,active,,,,,,
42622468,,,2024-04-29,2024-05-18,,paid leave,,,,,,
42622468,junior security specialist,112000,2024-09-12,2025-09-12,52,active,,,,,,
42622468,junior security specialist,112000,2025-09-12,2026-09-12,54,active,,,,,,
42687788,junior front-end developer,101100,2016-11-09,2017-11-09,85,active,,,,,,
42687788,,,2016-12-06,2017-01-19,,FMLA,,,,,,
42687788,,,2017-11-06,2017-11-08,,sick leave,,,,,,
42687788,junior front-end developer,107166,2017-11-09,2018-11-09,72,active,,,,,,
42687788,,,2018-02-15,2018-02-27,,paid leave,,,,,,
42687788,,,2018-08-10,2018-08-24,,paid leave,,,,,,
42687788,junior front-end developer,112524.3,2018-11-09,2019-11-09,70,active,,,,,,
42687788,junior front-end developer,124901.973,2019-11-09,2020-11-08,79,active,,,,,,
42687788,,,2020-02-27,2020-03-09,,paid leave,,,,,,
42687788,,,2020-04-08,2020-04-08,,sick leave,,,,,,
42687788,junior front-end developer,141139.2295,2020-11-08,2021-11-08,93,active,,,,,,
42687788,,,2021-09-05,2021-09-08,,sick leave,,,,,,
42687788,junior front-end developer,151018.9756,2021-11-08,2022-11-08,76,active,,,,,,
42687788,,,2022-02-07,2022-02-08,,sick leave,,,,,,
42687788,front-end developer,167631.0629,2022-11-08,2023-11-08,94,active,,,,,,
42687788,front-end developer,188000,2023-11-08,2024-11-07,95,active,,,,,,
42687788,front-end developer,188000,2024-11-07,2025-11-07,50,active,,,,,,
42687788,front-end developer,188000,2025-11-07,2026-11-07,52,active,,,,,,
42687788,,,2026-03-31,2026-04-04,,sick leave,,,,,,
42711234,help desk technician,58300,2016-12-15,2017-12-15,61,active,,,,,,
42711234,,,2017-03-02,2017-03-06,,sick leave,,,,,,
42711234,,,2017-04-23,2017-04-24,,sick leave,,,,,,
42711234,help desk technician,62381,2017-12-15,2018-12-15,65,active,,,,,,
42711234,,,2017-12-21,2018-01-06,,paid leave,,,,,,
42711234,,,2018-01-17,2018-01-20,,sick leave,,,,,,
42711234,help desk technician,66747.67,2018-12-15,2019-12-15,57,active,,,,,,
42711234,help desk technician,71420.0069,2019-12-15,2020-12-14,56,active,,,,,,
42711234,it support specialist,78562.00759,2020-12-14,2021-12-14,65,active,,,,,,
42711234,,,2021-01-26,2021-01-27,,sick leave,,,,,,
42711234,,,2021-08-11,2021-08-29,,paid leave,,,,,,
42711234,it support specialist,85632.58827,2021-12-14,2022-12-14,71,active,,,,,,
42711234,it support specialist,96764.82475,2022-12-14,2023-12-14,76,active,,,,,,
42711234,it support specialist,102000,2023-12-14,2024-12-13,63,active,,,,,,
42711234,,,2024-01-20,2024-01-23,,sick leave,,,,,,
42711234,,,2024-06-05,2024-06-21,,paid leave,,,,,,
42711234,it support specialist,102000,2024-12-13,2025-12-13,50,active,,,,,,
42762345,employee(todo change),58900,2017-01-28,2018-01-28,61,active,,,,,,
42762345,,,2017-12-06,2017-12-10,,sick leave,,,,,,
42762345,employee(todo change),65968,2018-01-28,2019-01-28,72,active,,,,,,
42762345,employee(todo change),71905.12,2019-01-28,2020-01-28,65,active,,,,,,
42762345,employee(todo change),77657.5296,2020-01-28,2021-01-27,59,active,,,,,,
42762345,,,2020-10-21,2020-11-08,,paid leave,,,,,,
42762345,,,2020-12-13,2020-12-13,,sick leave,,,,,,
42762345,employee(todo change),88529.58374,2021-01-27,2022-01-27,71,active,,,,,,
42762345,employee(todo change),92956.06293,2022-01-27,2023-01-27,55,active,,,,,,
42762345,employee(todo change),97603.86608,2023-01-27,2024-01-27,68,active,,,,,,
42762345,,,2023-07-02,2023-07-04,,sick leave,,,,,,
42762345,employee(todo change),111268.4073,2024-01-27,2025-01-26,86,active,,,,,,
42762345,,,2024-09-09,2024-09-24,,paid leave,,,,,,
42762345,employee(todo change),115000,2025-01-26,2026-01-26,64,active,,,,,,
42787890,employee(todo change),89800,2017-02-18,2018-02-18,82,active,,,,,,
42787890,,,2017-09-15,2017-09-26,,paid leave,,,,,,
42787890,employee(todo change),103270,2018-02-18,2019-02-18,93,active,,,,,,
42787890,,,2018-11-23,2019-01-16,,FMLA,,,,,,
42787890,employee(todo change),117727.8,2019-02-18,2020-02-18,94,active,,,,,,
42787890,employee(todo change),125968.746,2020-02-18,2021-02-17,72,active,,,,,,
42787890,,,2020-07-14,2020-07-14,,sick leave,,,,,,
42787890,employee(todo change),137305.9331,2021-02-17,2022-02-17,78,active,,,,,,
42787890,,,2022-01-03,2022-01-04,,sick leave,,,,,,
42787890,employee(todo change),151036.5265,2022-02-17,2023-02-17,87,active,,,,,,
42787890,employee(todo change),152000,2023-02-17,2024-02-17,54,active,,,,,,
42787890,employee(todo change),152000,2024-02-17,2025-02-16,54,active,,,,,,
42787890,,,2024-03-24,2024-03-26,,sick leave,,,,,,
42787890,,,2024-07-15,2024-07-18,,sick leave,,,,,,
42787890,employee(todo change),152000,2025-02-16,2026-02-16,58,active,,,,,,
42787890,,,2025-03-26,2025-04-06,,paid leave,,,,,,
42822211,employee(todo change),93000,2017-04-01,2018-04-01,86,active,,,,,,
42822211,employee(todo change),102300,2018-04-01,2019-04-01,82,active,,,,,,
42822211,,,2018-05-01,2018-05-12,,paid leave,,,,,,
42822211,,,2018-07-27,2018-08-24,,sabbatical,,,,,,
42822211,,,2019-02-01,2019-02-04,,sick leave,,,,,,
42822211,employee(todo change),112530,2019-04-01,2020-03-31,82,active,,,,,,
42822211,employee(todo change),123783,2020-03-31,2021-03-31,77,active,,,,,,
42822211,employee(todo change),134923.47,2021-03-31,2022-03-31,76,active,,,,,,
42822211,,,2021-11-10,2021-11-14,,sick leave,,,,,,
42822211,,,2022-01-29,2022-02-09,,paid leave,,,,,,
42822211,employee(todo change),151114.2864,2022-03-31,2023-03-31,90,active,,,,,,
42822211,employee(todo change),160000,2023-03-31,2024-03-30,76,active,,,,,,
42822211,,,2023-08-17,2023-08-19,,sick leave,,,,,,
42822211,,,2023-09-12,2023-11-11,,parental leave,,,,,,
42822211,employee(todo change),160000,2024-03-30,2025-03-30,60,active,,,,,,
42822211,,,2025-03-17,2025-03-17,,sick leave,,,,,,
42822211,employee(todo change),160000,2025-03-30,2026-03-30,52,active,,,,,,
42822211,,,2025-12-07,2025-12-11,,sick leave,,,,,,
42904422,employee(todo change),71000,2017-06-22,2018-06-22,72,active,,,,,,
42904422,employee(todo change),78100,2018-06-22,2019-06-22,70,active,,,,,,
42904422,,,2018-09-12,2018-09-14,,sick leave,,,,,,
42904422,,,2019-02-17,2019-02-20,,sick leave,,,,,,
42904422,employee(todo change),85129,2019-06-22,2020-06-21,72,active,,,,,,
42904422,employee(todo change),90236.74,2020-06-21,2021-06-21,57,active,,,,,,
42904422,employee(todo change),95650.9444,2021-06-21,2022-06-21,65,active,,,,,,
42904422,employee(todo change),109042.0766,2022-06-21,2023-06-21,83,active,,,,,,
42904422,employee(todo change),122127.1258,2023-06-21,2024-06-20,82,active,,,,,,
42904422,,,2023-12-08,2023-12-10,,sick leave,,,,,,
42904422,,,2024-05-11,2024-05-12,,sick leave,,,,,,
42904422,,,2024-06-10,2024-06-12,,sick leave,,,,,,
42904422,employee(todo change),127000,2024-06-20,2025-06-20,67,active,,,,,,
42904422,,,2024-11-09,2024-11-28,,paid leave,,,,,,
42904422,,,2025-03-12,2025-03-23,,paid leave,,,,,,
42904422,employee(todo change),127000,2025-06-20,2026-06-20,54,active,,,,,,
42964321,employee(todo change),82100,2017-08-17,2018-08-17,81,active,,,,,,
42964321,,,2018-04-06,2018-04-23,,paid leave,,,,,,
42964321,,,2018-07-19,2018-07-23,,sick leave,,,,,,
42964321,employee(todo change),91131,2018-08-17,2019-08-17,83,active,,,,,,
42964321,,,2019-03-11,2019-03-25,,paid leave,,,,,,
42964321,employee(todo change),102978.03,2019-08-17,2020-08-16,87,active,,,,,,
42964321,employee(todo change),115335.3936,2020-08-16,2021-08-16,86,active,,,,,,
42964321,,,2021-05-08,2021-05-08,,sick leave,,,,,,
42964321,employee(todo change),130328.9948,2021-08-16,2022-08-16,88,active,,,,,,
42964321,employee(todo change),139452.0244,2022-08-16,2023-08-16,76,active,,,,,,
42964321,,,2022-12-23,2023-01-02,,paid leave,,,,,,
42964321,employee(todo change),155000,2023-08-16,2024-08-15,94,active,,,,,,
42964321,employee(todo change),155000,2024-08-15,2025-08-15,58,active,,,,,,
42964321,,,2025-03-14,2025-03-18,,sick leave,,,,,,
42964321,,,2025-07-01,2025-07-03,,sick leave,,,,,,
42964321,employee(todo change),155000,2025-08-15,2026-08-15,55,active,,,,,,
43066543,employee(todo change),50600,2017-11-23,2018-11-23,58,active,,,,,,
43066543,,,2018-10-11,2018-10-21,,paid leave,,,,,,
43066543,employee(todo change),57178,2018-11-23,2019-11-23,72,active,,,,,,
43066543,,,2019-07-17,2019-07-18,,sick leave,,,,,,
43066543,employee(todo change),61180.46,2019-11-23,2020-11-22,60,active,,,,,,
43066543,,,2020-08-04,2020-10-13,,parental leave,,,,,,
43066543,employee(todo change),67298.506,2020-11-22,2021-11-22,61,active,,,,,,
43066543,,,2021-02-11,2021-03-01,,paid leave,,,,,,
43066543,employee(todo change),72009.40142,2021-11-22,2022-11-22,61,active,,,,,,
43066543,employee(todo change),79210.34156,2022-11-22,2023-11-22,64,active,,,,,,
43066543,employee(todo change),84755.06547,2023-11-22,2024-11-21,66,active,,,,,,
43066543,,,2024-01-08,2024-01-12,,sick leave,,,,,,
43066543,employee(todo change),89840.3694,2024-11-21,2025-11-21,68,active,,,,,,
43066543,,,2025-07-27,2025-08-09,,paid leave,,,,,,
43066543,employee(todo change),90000,2025-11-21,2026-11-21,53,active,,,,,,
43066543,,,2025-11-28,2025-11-30,,sick leave,,,,,,
43213344,employee(todo change),65900,2018-04-25,2019-04-25,70,active,,,,,,
43213344,employee(todo change),72490,2019-04-25,2020-04-24,68,active,,,,,,
43213344,employee(todo change),76839.4,2020-04-24,2021-04-24,57,active,,,,,,
43213344,,,2020-05-29,2020-06-10,,paid leave,,,,,,
43213344,,,2020-11-06,2020-11-22,,paid leave,,,,,,
43213344,employee(todo change),87596.916,2021-04-24,2022-04-24,80,active,,,,,,
43213344,employee(todo change),96356.6076,2022-04-24,2023-04-24,69,active,,,,,,
43213344,,,2022-04-25,2022-04-29,,sick leave,,,,,,
43213344,,,2023-02-18,2023-02-20,,sick leave,,,,,,
43213344,employee(todo change),105028.7023,2023-04-24,2024-04-23,65,active,,,,,,
43213344,employee(todo change),112380.7114,2024-04-23,2025-04-23,68,active,,,,,,
43213344,,,2024-10-14,2024-10-16,,sick leave,,,,,,
43213344,employee(todo change),120247.3612,2025-04-23,2026-04-23,78,active,,,,,,
43213344,,,2025-07-08,2025-07-12,,sick leave,,,,,,
43213344,,,2025-08-25,2025-09-10,,paid leave,,,,,,
43213344,,,2025-10-16,2025-10-19,,sick leave,,,,,,
43257678,employee(todo change),73000,2018-06-02,2019-06-02,75,active,,,,,,
43257678,,,2018-08-14,2018-08-17,,sick leave,,,,,,
43257678,,,2018-11-11,2018-11-26,,paid leave,,,,,,
43257678,employee(todo change),83950,2019-06-02,2020-06-01,86,active,,,,,,
43257678,,,2020-01-28,2020-02-01,,bereavement leave,,,,,,
43257678,,,2020-02-26,2020-02-29,,sick leave,,,,,,
43257678,employee(todo change),93184.5,2020-06-01,2021-06-01,79,active,,,,,,
43257678,employee(todo change),105298.485,2021-06-01,2022-06-01,78,active,,,,,,
43257678,,,2021-10-01,2021-10-15,,paid leave,,,,,,
43257678,employee(todo change),118987.2881,2022-06-01,2023-06-01,88,active,,,,,,
43257678,employee(todo change),132075.8897,2023-06-01,2024-05-31,81,active,,,,,,
43257678,,,2023-07-22,2023-07-23,,sick leave,,,,,,
43257678,employee(todo change),138679.6842,2024-05-31,2025-05-31,74,active,,,,,,
43257678,,,2024-09-27,2024-10-15,,paid leave,,,,,,
43257678,,,2024-12-14,2024-12-17,,sick leave,,,,,,
43257678,employee(todo change),145000,2025-05-31,2026-05-31,74,active,,,,,,
43257678,,,2025-06-18,2025-06-19,,sick leave,,,,,,
43293210,employee(todo change),54200,2018-07-14,2019-07-14,61,active,,,,,,
43293210,,,2018-12-27,2019-01-24,,sabbatical,,,,,,
43293210,employee(todo change),60704,2019-07-14,2020-07-13,68,active,,,,,,
43293210,,,2019-11-11,2019-11-11,,sick leave,,,,,,
43293210,,,2020-06-02,2020-06-05,,sick leave,,,,,,
43293210,employee(todo change),67381.44,2020-07-13,2021-07-13,75,active,,,,,,
43293210,employee(todo change),75467.2128,2021-07-13,2022-07-13,66,active,,,,,,
43293210,,,2021-08-28,2021-08-30,,sick leave,,,,,,
43293210,employee(todo change),85277.95046,2022-07-13,2023-07-13,78,active,,,,,,
43293210,employee(todo change),91247.407,2023-07-13,2024-07-12,65,active,,,,,,
43293210,,,2024-06-22,2024-07-02,,paid leave,,,,,,
43293210,employee(todo change),92000,2024-07-12,2025-07-12,58,active,,,,,,
43293210,,,2024-12-21,2025-01-07,,paid leave,,,,,,
43293210,employee(todo change),92000,2025-07-12,2026-07-12,51,active,,,,,,
43293210,,,2025-10-05,2025-10-05,,sick leave,,,,,,
43293210,,,2026-04-15,2026-05-04,,paid leave,,,,,,
43389876,employee(todo change),62900,2018-10-09,2019-10-09,61,active,,,,,,
43389876,employee(todo change),67303,2019-10-09,2020-10-08,64,active,,,,,,
43389876,,,2020-08-16,2020-08-17,,sick leave,,,,,,
43389876,employee(todo change),75379.36,2020-10-08,2021-10-08,73,active,,,,,,
43389876,,,2021-01-03,2021-01-22,,paid leave,,,,,,
43389876,,,2021-02-03,2021-02-07,,sick leave,,,,,,
43389876,employee(todo change),82917.296,2021-10-08,2022-10-08,72,active,,,,,,
43389876,,,2022-06-19,2022-06-22,,sick leave,,,,,,
43389876,employee(todo change),91209.0256,2022-10-08,2023-10-08,69,active,,,,,,
43389876,,,2023-05-31,2023-06-03,,sick leave,,,,,,
43389876,employee(todo change),95769.47688,2023-10-08,2024-10-07,56,active,,,,,,
43389876,employee(todo change),106304.1193,2024-10-07,2025-10-07,81,active,,,,,,
43389876,,,2025-07-23,2025-08-04,,paid leave,,,,,,
43389876,employee(todo change),110000,2025-10-07,2026-10-07,60,active,,,,,,
43519900,employee(todo change),96200,2019-02-16,2020-02-16,85,active,,,,,,
43519900,,,2019-09-30,2019-10-11,,paid leave,,,,,,
43519900,employee(todo change),110630,2020-02-16,2021-02-15,95,active,,,,,,
43519900,,,2020-08-29,2020-08-29,,sick leave,,,,,,
43519900,employee(todo change),119480.4,2021-02-15,2022-02-15,78,active,,,,,,
43519900,,,2021-12-06,2021-12-10,,sick leave,,,,,,
43519900,employee(todo change),137402.46,2022-02-15,2023-02-15,95,active,,,,,,
43519900,,,2022-10-20,2022-10-21,,sick leave,,,,,,
43519900,employee(todo change),158012.829,2023-02-15,2024-02-15,95,active,,,,,,
43519900,,,2023-07-18,2023-08-01,,paid leave,,,,,,
43519900,employee(todo change),178554.4968,2024-02-15,2025-02-14,95,active,,,,,,
43519900,,,2024-06-22,2024-06-25,,sick leave,,,,,,
43519900,,,2024-07-15,2024-10-15,,parental leave,,,,,,
43519900,,,2024-11-20,2024-12-03,,paid leave,,,,,,
43519900,employee(todo change),185000,2025-02-14,2026-02-14,65,active,,,,,,
43519900,,,2025-07-18,2025-07-21,,sick leave,,,,,,
43607890,employee(todo change),68300,2019-05-17,2020-05-16,71,active,,,,,,
43607890,employee(todo change),77862,2020-05-16,2021-05-16,83,active,,,,,,
43607890,employee(todo change),81755.1,2021-05-16,2022-05-16,58,active,,,,,,
43607890,,,2022-04-28,2022-05-02,,sick leave,,,,,,
43607890,employee(todo change),89113.059,2022-05-16,2023-05-16,68,active,,,,,,
43607890,employee(todo change),95350.97313,2023-05-16,2024-05-15,66,active,,,,,,
43607890,employee(todo change),104886.0704,2024-05-15,2025-05-15,69,active,,,,,,
43607890,,,2024-07-03,2024-07-04,,sick leave,,,,,,
43607890,,,2024-08-20,2024-08-21,,sick leave,,,,,,
43607890,,,2025-01-24,2025-02-11,,paid leave,,,,,,
43607890,employee(todo change),114325.8168,2025-05-15,2026-05-15,82,active,,,,,,
43607890,,,2025-06-09,2025-06-28,,paid leave,,,,,,
43607890,,,2025-09-09,2025-09-11,,sick leave,,,,,,
43607890,,,2025-11-11,2025-11-15,,sick leave,,,,,,
43607890,,,2025-12-26,2026-01-27,,unpaid personal leave,,,,,,
43627788,employee(todo change),59100,2019-06-08,2020-06-07,63,active,,,,,,
43627788,employee(todo change),62646,2020-06-07,2021-06-07,62,active,,,,,,
43627788,,,2020-08-13,2020-08-24,,paid leave,,,,,,
43627788,,,2020-12-27,2021-03-12,,FMLA,,,,,,
43627788,employee(todo change),71416.44,2021-06-07,2022-06-07,73,active,,,,,,
43627788,,,2021-08-30,2021-09-03,,sick leave,,,,,,
43627788,,,2022-01-05,2022-01-18,,paid leave,,,,,,
43627788,,,2022-03-05,2022-03-09,,sick leave,,,,,,
43627788,employee(todo change),74987.262,2022-06-07,2023-06-07,54,active,,,,,,
43627788,,,2022-07-15,2022-07-15,,sick leave,,,,,,
43627788,employee(todo change),80986.24296,2023-06-07,2024-06-06,66,active,,,,,,
43627788,employee(todo change),89894.72969,2024-06-06,2025-06-06,75,active,,,,,,
43627788,,,2024-11-26,2024-11-28,,sick leave,,,,,,
43627788,employee(todo change),97086.30806,2025-06-06,2026-06-06,76,active,,,,,,
43627788,,,2026-02-07,2026-02-09,,sick leave,,,,,,
43827654,employee(todo change),55800,2019-12-28,2020-12-27,65,active,,,,,,
43827654,,,2020-08-16,2020-09-02,,paid leave,,,,,,
43827654,,,2020-12-07,2020-12-09,,sick leave,,,,,,
43827654,employee(todo change),60822,2020-12-27,2021-12-27,64,active,,,,,,
43827654,employee(todo change),67512.42,2021-12-27,2022-12-27,75,active,,,,,,
43827654,employee(todo change),77639.283,2022-12-27,2023-12-27,73,active,,,,,,
43827654,,,2023-01-08,2023-01-09,,sick leave,,,,,,
43827654,employee(todo change),84626.81847,2023-12-27,2024-12-26,63,active,,,,,,
43827654,,,2024-06-11,2024-06-15,,sick leave,,,,,,
43827654,,,2024-07-09,2024-07-22,,paid leave,,,,,,
43827654,employee(todo change),90550.69576,2024-12-26,2025-12-26,64,active,,,,,,
43827654,,,2025-05-29,2025-08-05,,FMLA,,,,,,
43827654,,,2025-12-05,2025-12-19,,paid leave,,,,,,
43851357,junior accountant,75200,2020-01-20,2021-01-19,77,active,,,,,,
43851357,,,2020-04-20,2020-10-17,,parental leave,,,,,,
43851357,junior accountant,78960,2021-01-19,2022-01-19,59,active,,,,,,
43851357,,,2021-10-21,2021-10-31,,paid leave,,,,,,
43851357,accountant,85276.8,2022-01-19,2023-01-19,69,active,,,,,,
43851357,,,2022-02-04,2022-04-12,,parental leave,,,,,,
43851357,accountant,98068.32,2023-01-19,2024-01-19,79,active,,,,,,
43851357,,,2023-03-19,2023-04-01,,paid leave,,,,,,
43851357,,,2023-09-08,2023-09-19,,paid leave,,,,,,
43851357,,,2023-11-15,2023-11-19,,sick leave,,,,,,
43851357,,,2023-12-20,2023-12-21,,sick leave,,,,,,
43851357,senior accountant,105913.7856,2024-01-19,2025-01-18,66,active,,,,,,
43851357,senior accountant,114386.8884,2025-01-18,2026-01-18,73,active,,,,,,
43851357,,,2026-01-09,2026-01-11,,sick leave,,,,,,
44081098,financial analyst,83300,2020-09-12,2021-09-12,81,active,,,,,,
44081098,,,2021-04-03,2021-04-17,,paid leave,,,,,,
44081098,,,2021-08-17,2021-08-20,,sick leave,,,,,,
44081098,,,2021-08-29,2021-09-12,,paid leave,,,,,,
44081098,financial analyst,94962,2021-09-12,2022-09-12,87,active,,,,,,
44081098,,,2021-11-13,2021-11-15,,sick leave,,,,,,
44081098,financial analyst,99710.1,2022-09-12,2023-09-12,63,active,,,,,,
44081098,,,2022-11-21,2022-11-28,,sick leave,,,,,,
44081098,,,2023-02-03,2023-08-02,,parental leave,,,,,,
44081098,senior finance manager,112672.413,2023-09-12,2024-09-11,78,active,,,,,,
44081098,senior finance manager,123939.6543,2024-09-11,2025-09-11,79,active,,,,,,
44081098,,,2025-08-07,2025-08-21,,paid leave,,,,,,
44081098,senior finance manager,131376.0336,2025-09-11,2026-09-11,69,active,,,,,,
44081098,,,2026-08-04,2026-08-05,,sick leave,,,,,,
44158901,employee(todo change),80900,2020-11-19,2021-11-19,76,active,,,,,,
44158901,,,2021-01-25,2021-03-21,,unpaid personal leave,,,,,,
44158901,employee(todo change),91417,2021-11-19,2022-11-19,82,active,,,,,,
44158901,,,2022-01-24,2022-01-26,,sick leave,,,,,,
44158901,,,2022-05-06,2022-05-16,,paid leave,,,,,,
44158901,employee(todo change),105129.55,2022-11-19,2023-11-19,95,active,,,,,,
44158901,,,2023-02-16,2023-02-20,,sick leave,,,,,,
44158901,employee(todo change),113539.914,2023-11-19,2024-11-18,65,active,,,,,,
44158901,employee(todo change),122623.1071,2024-11-18,2025-11-18,71,active,,,,,,
44158901,,,2024-11-19,2024-11-20,,sick leave,,,,,,
44158901,,,2025-03-03,2025-03-14,,paid leave,,,,,,
44158901,employee(todo change),139790.3421,2025-11-18,2026-11-18,95,active,,,,,,
44268765,employee(todo change),70300,2021-03-06,2022-03-06,69,active,,,,,,
44268765,,,2021-05-09,2021-05-22,,paid leave,,,,,,
44268765,,,2021-06-03,2021-06-17,,paid leave,,,,,,
44268765,,,2021-11-27,2022-02-01,,FMLA,,,,,,
44268765,employee(todo change),77330,2022-03-06,2023-03-06,68,active,,,,,,
44268765,employee(todo change),83516.4,2023-03-06,2024-03-05,67,active,,,,,,
44268765,employee(todo change),91032.876,2024-03-05,2025-03-05,71,active,,,,,,
44268765,,,2024-10-20,2024-10-20,,sick leave,,,,,,
44268765,,,2024-11-17,2024-11-17,,sick leave,,,,,,
44268765,employee(todo change),104687.8074,2025-03-05,2026-03-05,90,active,,,,,,
44268765,,,2025-05-02,2025-05-05,,sick leave,,,,,,
44268765,,,2026-01-02,2026-01-04,,sick leave,,,,,,
44317755,employee(todo change),60600,2021-04-29,2022-04-29,67,active,,,,,,
44317755,,,2021-06-09,2021-06-25,,paid leave,,,,,,
44317755,,,2022-01-05,2022-01-24,,paid leave,,,,,,
44317755,employee(todo change),67872,2022-04-29,2023-04-29,68,active,,,,,,
44317755,,,2022-09-16,2022-09-16,,sick leave,,,,,,
44317755,employee(todo change),76016.64,2023-04-29,2024-04-28,80,active,,,,,,
44317755,employee(todo change),79817.472,2024-04-28,2025-04-28,52,active,,,,,,
44317755,,,2024-12-02,2024-12-18,,paid leave,,,,,,
44317755,,,2025-02-27,2025-03-01,,sick leave,,,,,,
44317755,employee(todo change),88597.39392,2025-04-28,2026-04-28,73,active,,,,,,
44317755,,,2025-07-12,2025-07-14,,sick leave,,,,,,
44317755,,,2026-02-02,2026-02-06,,sick leave,,,,,,
44317755,,,2026-03-03,2026-04-28,,sabbatical,,,,,,
44393456,employee(todo change),60000,2021-07-21,2022-07-21,66,active,,,,,,
44393456,,,2021-09-02,2021-09-05,,bereavement leave,,,,,,
44393456,employee(todo change),67200,2022-07-21,2023-07-21,69,active,,,,,,
44393456,employee(todo change),71232,2023-07-21,2024-07-20,60,active,,,,,,
44393456,,,2023-10-07,2023-10-09,,sick leave,,,,,,
44393456,,,2024-03-09,2024-03-24,,paid leave,,,,,,
44393456,employee(todo change),77642.88,2024-07-20,2025-07-20,58,active,,,,,,
44393456,,,2024-09-06,2024-09-09,,sick leave,,,,,,
44393456,,,2024-11-13,2024-11-28,,paid leave,,,,,,
44393456,,,2024-12-27,2024-12-29,,sick leave,,,,,,
44393456,employee(todo change),89289.312,2025-07-20,2026-07-20,83,active,,,,,,
44393456,,,2025-11-07,2025-11-26,,paid leave,,,,,,
44531122,employee(todo change),53900,2021-12-05,2022-12-05,55,active,,,,,,
44531122,,,2022-07-03,2022-07-05,,sick leave,,,,,,
44531122,,,2022-09-26,2022-09-28,,sick leave,,,,,,
44531122,employee(todo change),60907,2022-12-05,2023-12-05,74,active,,,,,,
44531122,,,2023-01-13,2023-05-12,,parental leave,,,,,,
44531122,employee(todo change),64561.42,2023-12-05,2024-12-04,60,active,,,,,,
44531122,employee(todo change),71017.562,2024-12-04,2025-12-04,62,active,,,,,,
44531122,,,2024-12-30,2025-01-01,,sick leave,,,,,,
44531122,employee(todo change),74568.4401,2025-12-04,2026-12-04,55,active,,,,,,
44531122,,,2026-01-03,2026-01-14,,paid leave,,,,,,
44531122,,,2026-05-12,2026-05-14,,sick leave,,,,,,
44531122,,,2026-09-17,2026-10-05,,paid leave,,,,,,
44702109,employee(todo change),81700,2022-05-19,2023-05-19,72,active,,,,,,
44702109,,,2022-08-19,2022-08-21,,sick leave,,,,,,
44702109,,,2023-03-26,2023-04-12,,paid leave,,,,,,
44702109,employee(todo change),89053,2023-05-19,2024-05-18,70,active,,,,,,
44702109,,,2023-12-24,2024-01-06,,paid leave,,,,,,
44702109,,,2024-03-03,2024-03-05,,sick leave,,,,,,
44702109,,,2024-04-07,2024-04-10,,bereavement leave,,,,,,
44702109,employee(todo change),97958.3,2024-05-18,2025-05-18,74,active,,,,,,
44702109,,,2024-07-15,2024-08-01,,paid leave,,,,,,
44702109,,,2024-11-07,2024-11-09,,sick leave,,,,,,
44702109,employee(todo change),103835.798,2025-05-18,2026-05-18,67,active,,,,,,
44784567,senior accountant,105700,2022-08-11,2023-08-11,89,active,,,,,,
44784567,,,2022-09-06,2022-09-08,,sick leave,,,,,,
44784567,,,2022-12-28,2022-12-28,,sick leave,,,,,,
44784567,senior finance manager,117327,2023-08-11,2024-08-10,84,active,,,,,,
44784567,,,2024-06-22,2024-06-23,,sick leave,,,,,,
44784567,CFO,124366.62,2024-08-10,2025-08-10,66,active,,,,,,
44784567,,,2025-01-16,2025-01-27,,paid leave,,,,,,
44784567,CFO,135559.6158,2025-08-10,2026-08-10,80,active,,,,,,
44784567,,,2026-01-31,2026-02-15,,paid leave,,,,,,
44784567,,,2026-06-16,2026-06-24,,bereavement leave,,,,,,
44965432,employee(todo change),67700,2023-02-04,2024-02-04,66,active,,,,,,
44965432,,,2023-02-07,2023-02-11,,sick leave,,,,,,
44965432,,,2023-08-25,2023-08-25,,sick leave,,,,,,
44965432,,,2023-10-16,2023-12-27,,parental leave,,,,,,
44965432,employee(todo change),72439,2024-02-04,2025-02-03,59,active,,,,,,
44965432,,,2024-05-22,2024-05-23,,sick leave,,,,,,
44965432,,,2024-09-11,2024-09-21,,paid leave,,,,,,
44965432,,,2025-01-16,2025-01-26,,paid leave,,,,,,
44965432,employee(todo change),81131.68,2025-02-03,2026-02-03,72,active,,,,,,
44965432,,,2025-07-10,2025-07-14,,sick leave,,,,,,
44965432,,,2025-10-10,2025-10-29,,paid leave,,,,,,
45165566,employee(todo change),50500,2023-08-23,2024-08-22,58,active,,,,,,
45165566,,,2024-04-14,2024-04-17,,sick leave,,,,,,
45165566,employee(todo change),53025,2024-08-22,2025-08-22,58,active,,,,,,
45165566,,,2024-09-27,2024-10-16,,paid leave,,,,,,
45165566,,,2024-10-19,2025-02-04,,parental leave,,,,,,
45165566,,,2025-06-12,2025-06-12,,sick leave,,,,,,
45165566,employee(todo change),57797.25,2025-08-22,2026-08-22,68,active,,,,,,
45165566,,,2025-09-12,2025-09-27,,paid leave,,,,,,
45165566,,,2026-03-17,2026-03-20,,sick leave,,,,,,
45165566,,,2026-06-04,2026-06-16,,paid leave,,,,,,
45202200,employee(todo change),67600,2023-10-07,2024-10-06,67,active,,,,,,
45202200,,,2023-11-15,2023-11-17,,sick leave,,,,,,
45202200,,,2023-11-28,2024-01-13,,unpaid personal leave,,,,,,
45202200,,,2024-04-26,2024-04-29,,sick leave,,,,,,
45202200,employee(todo change),73008,2024-10-06,2025-10-06,70,active,,,,,,
45202200,,,2024-11-29,2024-12-09,,paid leave,,,,,,
45202200,,,2025-01-27,2025-01-29,,sick leave,,,,,,
45202200,,,2025-04-09,2025-04-27,,paid leave,,,,,,
45202200,,,2025-08-03,2025-08-15,,paid leave,,,,,,
45303234,employee(todo change),89200,2024-01-14,2025-01-13,82,active,,,,,,
45303234,,,2024-04-13,2024-05-02,,paid leave,,,,,,
45303234,,,2024-08-26,2024-08-28,,sick leave,,,,,,
45303234,employee(todo change),95444,2025-01-13,2026-01-13,72,active,,,,,,
45303234,,,2025-02-10,2025-05-14,,parental leave,,,,,,
45303234,,,2025-08-27,2025-08-27,,sick leave,,,,,,
45303234,,,2025-09-07,2025-09-26,,paid leave,,,,,,
45303234,,,2025-11-30,2025-12-04,,sick leave,,,,,,
45303234,,,2025-12-27,2025-12-31,,sick leave,,,,,,
45834433,employee(todo change),88600,2025-06-28,2026-06-28,85,active,,,,,,
45834433,,,2025-07-18,2025-07-18,,sick leave,,,,,,
45834433,,,2025-07-24,2025-10-18,,parental leave,,,,,,
45834433,,,2025-12-09,2025-12-13,,sick leave,,,,,,
45834433,,,2025-12-20,2025-12-21,,sick leave,,,,,,
45834433,,,2026-01-02,2026-01-11,,paid leave,,,,,,
45834433,,,2026-02-13,2026-02-17,,sick leave,,,,,,
45834433,,,2026-02-19,2026-03-01,,paid leave,,,,,,
45834433,,,2026-03-11,2026-03-15,,sick leave,,,,,,
45834433,,,2026-05-24,2026-06-06,,paid leave,,,,,,
